{"type": "FeatureCollection", "features": [{"type": "Feature", "properties": {"name": "LAKE BISINA"}, "geometry": {"type": "Polygon", "coordinates": [[[34.06212641983325, 1.6696969760346292], [34.0766104198467, 1.6569179760226689], [34.09333841986222, 1.6515079760176832], [34.09633241986512, 1.6478489760140747], [34.09707241986575, 1.6391189760061025], [34.09392141986268, 1.6310529759985002], [34.08501841985458, 1.6289269759965919], [34.071979419842364, 1.6299919759974273], [34.05590841982735, 1.6406919760074743], [34.03738441981022, 1.6412619760080815], [34.0209384197949, 1.6464259760127788], [34.017009419791066, 1.6454969760120548], [34.01042941978494, 1.6371789760041793], [34.00823641978309, 1.6229119759909736], [33.999767419775026, 1.6240059759920769], [33.99453741977027, 1.620063975988387], [33.98469141976102, 1.6218379759900472], [33.98219641975879, 1.61906297598739], [33.981548419758155, 1.6128519759815845], [33.984192419760575, 1.5928709759630237], [33.980110419756784, 1.5880169759584533], [33.97415541975124, 1.5893569759596176], [33.96400441974174, 1.603541975972803], [33.961731419739635, 1.6016879759711173], [33.96017441973822, 1.5945519759645777], [33.95561941973392, 1.5919939759621684], [33.95127441973, 1.5921949759622294], [33.93406641971387, 1.601505975971122], [33.930614419710764, 1.6049309759741845], [33.9273144197075, 1.6200809759882304], [33.92385441970441, 1.6251149759930286], [33.90145841968342, 1.6231269759912266], [33.89647641967895, 1.6157379759843025], [33.89213941967478, 1.615018975983503], [33.88041341966391, 1.6250559759928365], [33.87487041965869, 1.633523976000788], [33.876133419659936, 1.6500839760162762], [33.87198241965598, 1.6555729760214035], [33.86738941965177, 1.6583009760238383], [33.85709741964229, 1.658691976024329], [33.85525841964045, 1.6600589760255389], [33.85244741963788, 1.670843976035485], [33.84946041963508, 1.672892976037474], [33.84236941962854, 1.6735349760381268], [33.83554441962224, 1.6677419760326302], [33.83165741961852, 1.6677159760326958], [33.82774341961499, 1.6718269760365274], [33.82516441961252, 1.6816949760457192], [33.827407419614474, 1.688146976051712], [33.83769241962409, 1.6889059760524106], [33.84568041963166, 1.6914879760547592], [33.866844419651216, 1.7065729760688555], [33.87008241965441, 1.7010769760636322], [33.87466441965853, 1.699728976062488], [33.87973041966325, 1.694014976057133], [33.88384641966718, 1.6940429760572897], [33.890907419673795, 1.6984579760612633], [33.899070419681266, 1.7086279760708294], [33.90387741968584, 1.7081999760703184], [33.906437419688245, 1.7015499760641433], [33.89807141968049, 1.686780976050386], [33.90130641968335, 1.6819749760459217], [33.90403741968589, 1.6838329760475972], [33.90952641969102, 1.6834099760471872], [33.922443419703086, 1.6662539760313848], [33.92770041970789, 1.6667489760318404], [33.93065641971066, 1.669066976033946], [33.932659419712536, 1.6775859760418825], [33.93494441971461, 1.6778309760420598], [33.9430164197222, 1.6670799760320278], [33.94191741972122, 1.6601759760255845], [33.943553419722775, 1.654439976020285], [33.9467694197258, 1.6521629760181895], [33.95179741973038, 1.6528849760188677], [33.96707541974456, 1.6594229760248709], [33.97965641975634, 1.6581259760237117], [33.985790419762, 1.6643729760296537], [33.98889941976495, 1.678875976043173], [34.010135419784774, 1.683382976047369], [34.01354241978788, 1.6868529760504316], [34.01622341979032, 1.6967559760596487], [34.02053041979434, 1.7025309760651908], [34.037597419810254, 1.7152859760769843], [34.048927419820984, 1.731451976092103], [34.051666419823505, 1.7323889760928068], [34.0544204198261, 1.731026976091698], [34.05675841982816, 1.722536976083802], [34.05497341982641, 1.7156279760772577], [34.05638841982773, 1.7087409760708852], [34.055271419826795, 1.7050559760673423], [34.04596341981801, 1.6944199760575884], [34.0450784198174, 1.68981697605318], [34.04949541982137, 1.678350976042566], [34.05318041982491, 1.6742369760388556], [34.06212641983325, 1.6696969760346292]]]}}, {"type": "Feature", "properties": {"name": "ALBERT NILE"}, "geometry": {"type": "Polygon", "coordinates": [[[31.606794417546553, 3.346060977595698], [31.601671417541638, 3.3303689775812018], [31.595737417536156, 3.333587977584102], [31.58819241752917, 3.326099977577087], [31.57975341752126, 3.3218789775733057], [31.577451417519114, 3.3232379775745358], [31.57923141752076, 3.328775977579653], [31.573274417515222, 3.3287189775796833], [31.57393041751584, 3.3321759775828923], [31.588728417529637, 3.3424389775923373], [31.606679417546275, 3.358252977607208], [31.61764541755656, 3.361807977610397], [31.639217417576674, 3.382715977629914], [31.65076641758742, 3.397548977643737], [31.652771417589292, 3.4037789776496084], [31.64908741758586, 3.430200977674076], [31.654756417591216, 3.436695977680074], [31.65782941759403, 3.401756977647665], [31.653598417590047, 3.3886029776354007], [31.63793741757536, 3.3725819776204844], [31.62254541756124, 3.3521919776014784], [31.613164417552298, 3.3507229776000713], [31.606794417546553, 3.346060977595698]]]}}, {"type": "Feature", "properties": {"name": ""}, "geometry": {"type": "Polygon", "coordinates": [[[31.464366417413885, 3.0474779773176124], [31.45911241740896, 3.046046977316337], [31.449030417399626, 3.0466399773169996], [31.442890417393755, 3.0419799773126215], [31.433759417385318, 3.0386709773094935], [31.424141417376404, 3.0385779773093873], [31.43687641738825, 3.048132977318346], [31.452175417402486, 3.053110977322831], [31.454425417404536, 3.0572739773267585], [31.454954417405133, 3.0738419773422265], [31.45868841740844, 3.077846977345871], [31.46451541741385, 3.080144977348027], [31.472541417421326, 3.079071977347212], [31.476463417425066, 3.076118977344322], [31.47740541742587, 3.0733679773418316], [31.47016941741913, 3.0636359773327513], [31.468194417417408, 3.0544159773241972], [31.46891441741809, 3.0509719773208417], [31.464366417413885, 3.0474779773176124]]]}}, {"type": "Feature", "properties": {"name": "LAKE ALBERT"}, "geometry": {"type": "Polygon", "coordinates": [[[30.487389416503902, 1.2333289756281829], [30.491678416507966, 1.2333289756281829], [30.491678416507966, 1.2499949756436308], [30.50001141651569, 1.2499949756436308], [30.50001141651569, 1.258328975651466], [30.508344416523414, 1.258328975651466], [30.508344416523414, 1.26666197565919], [30.51667841653125, 1.26666197565919], [30.51667841653125, 1.2749949756669139], [30.525011416538973, 1.2749949756669139], [30.525011416538973, 1.291661975682473], [30.533344416546697, 1.291661975682473], [30.533344416546697, 1.299994975690197], [30.54167741655442, 1.299994975690197], [30.54167741655442, 1.308328975698032], [30.550010416562145, 1.308328975698032], [30.550010416562145, 1.316661975705756], [30.558343416570096, 1.316661975705756], [30.558343416570096, 1.3333289757213151], [30.566677416577704, 1.3333289757213151], [30.566677416577704, 1.3416619757290391], [30.575010416585428, 1.3416619757290391], [30.575010416585428, 1.349994975736763], [30.58334341659338, 1.349994975736763], [30.58334341659338, 1.3666619757523222], [30.591676416601103, 1.3666619757523222], [30.591676416601103, 1.3749949757600461], [30.600011416608822, 1.3749949757600461], [30.600011416608822, 1.3833289757678813], [30.608345416616658, 1.3833289757678813], [30.608345416616658, 1.3916619757756052], [30.61667841662438, 1.3916619757756052], [30.61667841662438, 1.3999949757833292], [30.625011416632105, 1.3999949757833292], [30.625011416632105, 1.4083289757911643], [30.63334441663983, 1.4083289757911643], [30.63334441663983, 1.4249949758066123], [30.641677416647553, 1.4249949758066123], [30.641677416647553, 1.4333289758144474], [30.65001141665539, 1.4333289758144474], [30.65001141665539, 1.4416619758221714], [30.658344416663112, 1.4416619758221714], [30.658344416663112, 1.4499949758298953], [30.666677416670836, 1.4499949758298953], [30.666677416670836, 1.4583289758377305], [30.67501041667856, 1.4583289758377305], [30.67501041667856, 1.4666619758454544], [30.68334341668651, 1.4666619758454544], [30.68334341668651, 1.4749949758531784], [30.69167741669412, 1.4749949758531784], [30.69167741669412, 1.4916619758687375], [30.700010416701843, 1.4916619758687375], [30.700010416701843, 1.4999949758764615], [30.708343416709795, 1.4999949758764615], [30.708343416709795, 1.5083289758842966], [30.725011416725238, 1.5083289758842966], [30.725011416725238, 1.5166619758920206], [30.733345416733073, 1.5166619758920206], [30.733345416733073, 1.5249949758997445], [30.741678416740797, 1.5249949758997445], [30.741678416740797, 1.5333289759075797], [30.758344416756245, 1.5333289759075797], [30.758344416756245, 1.5416619759153036], [30.76667741676397, 1.5416619759153036], [30.76667741676397, 1.5499959759231388], [30.775011416771804, 1.5499959759231388], [30.775011416771804, 1.5583289759308627], [30.783344416779528, 1.5583289759308627], [30.783344416779528, 1.5666619759385867], [30.800010416794976, 1.5666619759385867], [30.800010416794976, 1.5749949759463107], [30.808343416802927, 1.5749949759463107], [30.808343416802927, 1.5833289759541458], [30.816677416810535, 1.5833289759541458], [30.816677416810535, 1.5916619759618698], [30.83334341682621, 1.5916619759618698], [30.83334341682621, 1.5999949759695937], [30.841676416833934, 1.5999949759695937], [30.841676416833934, 1.6083289759774289], [30.850011416841653, 1.6083289759774289], [30.850011416841653, 1.6166619759851528], [30.866678416857212, 1.6166619759851528], [30.866678416857212, 1.6249949759928768], [30.875011416864936, 1.6249949759928768], [30.875011416864936, 1.633328976000712], [30.88334441687266, 1.633328976000712], [30.88334441687266, 1.6416619760084359], [30.891677416880384, 1.6416619760084359], [30.891677416880384, 1.6499949760161599], [30.908344416895943, 1.6499949760161599], [30.908344416895943, 1.658328976023995], [30.916677416903667, 1.658328976023995], [30.916677416903667, 1.666661976031719], [30.92501041691139, 1.666661976031719], [30.92501041691139, 1.674994976039443], [30.94167741692695, 1.674994976039443], [30.94167741692695, 1.683328976047278], [30.950010416934674, 1.683328976047278], [30.950010416934674, 1.691661976055002], [30.958343416942625, 1.691661976055002], [30.958343416942625, 1.699994976062726], [30.97501141695807, 1.699994976062726], [30.97501141695807, 1.7083289760705611], [30.983345416965903, 1.7083289760705611], [30.983345416965903, 1.716661976078285], [30.991678416973627, 1.716661976078285], [30.991678416973627, 1.724994976086009], [31.00001141698135, 1.724994976086009], [31.00001141698135, 1.7333289760938442], [31.008344416989075, 1.7333289760938442], [31.008344416989075, 1.7416619761015681], [31.0166774169968, 1.7416619761015681], [31.0166774169968, 1.749994976109292], [31.03334441701236, 1.749994976109292], [31.03334441701236, 1.7666619761248512], [31.041677417020082, 1.7666619761248512], [31.041677417020082, 1.7749959761326863], [31.050010417027806, 1.7749959761326863], [31.050010417027806, 1.7833289761404103], [31.058343417035758, 1.7833289761404103], [31.058343417035758, 1.7999949761558582], [31.066677417043365, 1.7999949761558582], [31.066677417043365, 1.8083289761636934], [31.07501041705109, 1.8083289761636934], [31.07501041705109, 1.8166619761714173], [31.08334341705904, 1.8166619761714173], [31.08334341705904, 1.8249949761791413], [31.09167841706676, 1.8249949761791413], [31.09167841706676, 1.8416619761947004], [31.100011417074484, 1.8416619761947004], [31.100011417074484, 1.8499949762024244], [31.10834541708232, 1.8499949762024244], [31.10834541708232, 1.8583289762102595], [31.116678417090043, 1.8583289762102595], [31.116678417090043, 1.8666619762179835], [31.125011417097767, 1.8666619762179835], [31.125011417097767, 1.8833289762335426], [31.13334441710549, 1.8833289762335426], [31.13334441710549, 1.8916619762412665], [31.141678417113326, 1.8916619762412665], [31.141678417113326, 1.8999949762489905], [31.15001141712105, 1.8999949762489905], [31.15001141712105, 1.9083289762568256], [31.158344417128774, 1.9083289762568256], [31.158344417128774, 1.9249949762722736], [31.166677417136498, 1.9249949762722736], [31.166677417136498, 1.9333289762801087], [31.17501041714422, 1.9333289762801087], [31.17501041714422, 1.9416619762878327], [31.183344417152057, 1.9416619762878327], [31.183344417152057, 1.9499949762955566], [31.19167741715978, 1.9499949762955566], [31.19167741715978, 1.9583289763033918], [31.200010417167505, 1.9583289763033918], [31.200010417167505, 1.9666619763111157], [31.208343417175456, 1.9666619763111157], [31.208343417175456, 1.9749949763188397], [31.216678417183175, 1.9749949763188397], [31.216678417183175, 1.9833289763266748], [31.2250114171909, 1.9833289763266748], [31.2250114171909, 1.9916619763343988], [31.233345417198734, 1.9916619763343988], [31.233345417198734, 2.008328976349958], [31.241678417206458, 2.008328976349958], [31.241678417206458, 2.016661976357682], [31.250011417214182, 2.016661976357682], [31.250011417214182, 2.033328976373241], [31.258344417221906, 2.033328976373241], [31.258344417221906, 2.041661976380965], [31.26667741722963, 2.041661976380965], [31.26667741722963, 2.058328976396524], [31.275011417237465, 2.058328976396524], [31.275011417237465, 2.066661976404248], [31.28334441724519, 2.066661976404248], [31.28334441724519, 2.083328976419807], [31.291677417252913, 2.083328976419807], [31.291677417252913, 2.10832897644309], [31.300010417260637, 2.10832897644309], [31.300010417260637, 2.133328976466373], [31.30834341726859, 2.133328976466373], [31.30834341726859, 2.1583289764896563], [31.300010417260637, 2.1583289764896563], [31.300010417260637, 2.1666619764973802], [31.291677417252913, 2.1666619764973802], [31.291677417252913, 2.174994976505104], [31.28334441724519, 2.174994976505104], [31.28334441724519, 2.1833289765129393], [31.281369417243468, 2.1833289765129393], [31.28959441725101, 2.199809976528286], [31.29644741725747, 2.2010269765294197], [31.30279541726327, 2.2070689765350835], [31.30548641726591, 2.2126149765401806], [31.30357141726404, 2.2213339765482942], [31.304443417264793, 2.2259419765525763], [31.308034417268118, 2.2331059765592727], [31.321199417280468, 2.244043976569401], [31.325180417284173, 2.2583409765827582], [31.330173417288734, 2.2625299765866203], [31.334457417292924, 2.2692409765929824], [31.33645441729459, 2.275699976598844], [31.335226417293597, 2.2844269766069374], [31.357904417314558, 2.305576976626753], [31.371626417327434, 2.330317976649667], [31.377327417332708, 2.3324429766516914], [31.38834541734309, 2.3288709766484317], [31.41066341736382, 2.340126976658894], [31.42004941737264, 2.3397589766584588], [31.42686641737896, 2.3448839766633682], [31.43534141738678, 2.344045976662528], [31.456474417406525, 2.3598889766772118], [31.46706541741628, 2.377239976693545], [31.470184417419205, 2.386239976701745], [31.468612417417717, 2.4071529767213633], [31.470714417419686, 2.4267219767396], [31.467413417416537, 2.437039976749247], [31.46897541741805, 2.4411949767529677], [31.47353741742245, 2.442848976754476], [31.480089417428417, 2.45188097676305], [31.485086417433195, 2.4558389767666995], [31.502176417448936, 2.463822976774054], [31.50488841745164, 2.4675289767776576], [31.51853741746436, 2.4763999767858422], [31.525085417470336, 2.485891976794619], [31.525270417470438, 2.4904939767989163], [31.52179741746727, 2.4948309768030867], [31.516971417462855, 2.496853976804914], [31.511940417458163, 2.4963459768043776], [31.506774417453244, 2.4859469767948212], [31.50289341744974, 2.4849889767938294], [31.49622741744338, 2.4879159767965575], [31.490505417438044, 2.4878609767965827], [31.487007417434825, 2.4947269768028946], [31.477523417426028, 2.5052149768125673], [31.459776417409557, 2.542303976847279], [31.458095417408003, 2.550567976854836], [31.45915241740886, 2.5597779768634155], [31.458129417407918, 2.5710389768739788], [31.45948941740926, 2.5724319768753503], [31.462251417411835, 2.570847976873665], [31.47187041742086, 2.546330976850868], [31.47340241742222, 2.529555976835354], [31.483175417431312, 2.512628976819542], [31.488479417436338, 2.508540976815766], [31.495138417442377, 2.5063049768136807], [31.51664941746253, 2.5067409768141715], [31.532550417477296, 2.4951629768033854], [31.53535241748, 2.4894399767979394], [31.535158417479806, 2.4857579767945026], [31.528867417473975, 2.473048976782593], [31.518011417463867, 2.45937497677005], [31.51003441745638, 2.4558489767666742], [31.5002074174472, 2.4541449767650647], [31.484979417433124, 2.442958976754653], [31.481407417429637, 2.4334949767458056], [31.482732417430952, 2.4144189767280295], [31.48117841742942, 2.3851959767009703], [31.482109417430365, 2.3835939766993306], [31.487138417435062, 2.384102976699751], [31.487850417435766, 2.3815799766975942], [31.477510417425947, 2.361701976678887], [31.467342417416603, 2.348034976666213], [31.45963441740946, 2.3403709766591874], [31.44366441739453, 2.3351569766541616], [31.41587841736873, 2.321319976641462], [31.40431041735792, 2.3106279766313946], [31.396797417350854, 2.306645976627806], [31.388404417343054, 2.2987449766203554], [31.37870441733412, 2.284391976606912], [31.368051417324068, 2.273708976596936], [31.360839417317493, 2.2621399765862407], [31.348566417306074, 2.253510976578127], [31.34722941730479, 2.2498189765747156], [31.353000417310113, 2.2445859765698515], [31.355585417312568, 2.237481976563231], [31.360900417317453, 2.2320149765582755], [31.363212417319573, 2.2058209765339143], [31.359151417315843, 2.19980297652819], [31.36122741731765, 2.1979829765264185], [31.374021417329686, 2.1999479765283922], [31.371782417327495, 2.194866976523599], [31.373399417328983, 2.1932729765221666], [31.378192417333594, 2.194469976523351], [31.38028941733546, 2.190580976519641], [31.37870441733412, 2.188954976518062], [31.369545417325526, 2.1895559765187045], [31.367965417324058, 2.1872409765164775], [31.381141417336266, 2.1733419765034796], [31.385099417339916, 2.166251976497051], [31.388704417343433, 2.148119976480075], [31.390010417344456, 2.1311159764643435], [31.389200417343773, 2.1202999764541346], [31.386480417341318, 2.117513976451619], [31.384876417339683, 2.117728976451872], [31.382062417337238, 2.1248299764583862], [31.379758417335097, 2.1266469764600515], [31.37793541733322, 2.125938976459338], [31.37683141733237, 2.121788976455491], [31.380821417335937, 2.1112509764457172], [31.394514417348773, 2.0909179764269084], [31.39620041735043, 2.081966976418471], [31.40228641735598, 2.0675389764051033], [31.40522941735867, 2.0468719763857735], [31.39920241735308, 2.031177976371282], [31.398363417352357, 2.0233519763639833], [31.40024941735419, 2.01739197635834], [31.396154417350317, 2.005319976346982], [31.39654141735059, 1.9985009763406651], [31.40257841735638, 1.9891319763319188], [31.40400641735755, 1.9833979763266143], [31.40133841735519, 1.9753239763192596], [31.393919417348116, 1.9858289763290031], [31.39108041734562, 1.9954579763380025], [31.391443417345954, 2.0053489763470225], [31.389568417344208, 2.010159976351588], [31.386819417341485, 2.0105929763519725], [31.388101417342796, 1.9961189763384937], [31.393772417348146, 1.9773199763210414], [31.398201417352084, 1.9686249763128671], [31.401586417355247, 1.9493439762950402], [31.409088417362227, 1.9303329762772137], [31.414405417367334, 1.924405976271828], [31.416523417369262, 1.9182189762659618], [31.407720417361134, 1.9059469762546541], [31.40608441735958, 1.9096099762580252], [31.40619041735954, 1.9224869762699655], [31.403450417357135, 1.9220009762696009], [31.401233417355115, 1.9146209762625404], [31.40182641735555, 1.9003719762492892], [31.376842417332227, 1.8343719761878674], [31.367593417323633, 1.8211769761755932], [31.35892341731551, 1.8190229761735281], [31.343597417301226, 1.8193319761737712], [31.33603641729428, 1.8208679761753501], [31.324072417283105, 1.8283369761822996], [31.322475417281566, 1.8278619761817936], [31.321119417280443, 1.8025579761581412], [31.32299841728218, 1.7736089761312996], [31.321489417280645, 1.7641679761225078], [31.304203417264716, 1.7308919760914705], [31.300918417261528, 1.7159159760776674], [31.296631417257686, 1.7098969760720593], [31.290270417251577, 1.7056959760680002], [31.284862417246586, 1.697366976060266], [31.276937417239196, 1.689241976052699], [31.2687344172316, 1.6864019760500923], [31.263069417226234, 1.6810589760450512], [31.25599241721966, 1.6798389760440386], [31.24894341721324, 1.6758609760402123], [31.239883417204737, 1.667035976032139], [31.23405441719933, 1.655023976020857], [31.223815417189826, 1.6498639760161495], [31.186433417155058, 1.6147789759834268], [31.160286417130692, 1.5998049759693913], [31.13138541710373, 1.5859529759566158], [31.11244241708596, 1.5827739759536144], [31.08562241706113, 1.5896289759598403], [31.072816417049125, 1.589958975960144], [31.051658417029557, 1.5793999759503095], [31.049135417027173, 1.5802939759512356], [31.05361741703132, 1.5893049759597488], [31.05773941703501, 1.5886569759591112], [31.059549417036806, 1.5905139759606755], [31.058620417035854, 1.5921139759623202], [31.04924041702725, 1.5927079759628668], [31.046285417024365, 1.5908389759611055], [31.04404241702241, 1.586448975956955], [31.039642417018285, 1.5693939759410114], [31.03511841701402, 1.5645199759364914], [31.02827041700766, 1.5633009759353627], [31.019899416999806, 1.554480975927163], [31.009794416990417, 1.5362179759101764], [31.006359416987152, 1.53687297591091], [30.99907141698054, 1.534039975908172], [30.99266441697455, 1.5346639759088703], [30.985378416967706, 1.5316009759058034], [30.97417041695735, 1.5321759759065117], [30.95409941693856, 1.5276019759021437], [30.94457641692975, 1.5196889758947236], [30.93944741692485, 1.506993975883006], [30.93272241691875, 1.4712959758496709], [30.92959641691573, 1.463908975842969], [30.918735416905747, 1.4527639758325677], [30.91152941689893, 1.4421159758226167], [30.89136841688014, 1.4239789758057668], [30.884992416874184, 1.42161497580355], [30.87818741686783, 1.4164879757986455], [30.87392441686393, 1.4086289757913164], [30.861711416852586, 1.395860975779442], [30.844604416836546, 1.3699399757554147], [30.83703041682952, 1.3505549757373956], [30.828268416821402, 1.3357539757234917], [30.814676416808652, 1.323890975712402], [30.80125241679616, 1.3180049757070265], [30.78837941678421, 1.302930975693016], [30.77317841677018, 1.2919699756828322], [30.76594341676332, 1.2843099756755691], [30.76101141675872, 1.2750649756669645], [30.752422416750733, 1.2657819756582285], [30.74861141674728, 1.2586179756517595], [30.73685041673616, 1.2467729756406243], [30.7325264167323, 1.244888975638787], [30.730815416730593, 1.2336099756282692], [30.728139416728254, 1.2271469756224178], [30.714626416715646, 1.208159975604758], [30.718086416718734, 1.2049789756017617], [30.72332041672371, 1.207102975603675], [30.724477416724767, 1.2057359756024653], [30.725891416725972, 1.2016139755985478], [30.722969416723345, 1.1969869755942], [30.72304541672338, 1.1896339755874124], [30.705892416707457, 1.1689999755681129], [30.702110416703817, 1.1590789755589412], [30.69507841669747, 1.154178975554487], [30.691286416693856, 1.1451769755460646], [30.682958416686006, 1.1329089755345194], [30.64035041664647, 1.0993659755033605], [30.62537541663255, 1.0674959754737756], [30.620403416627823, 1.062387975468937], [30.607214416615534, 1.0562719754632326], [30.605182416613616, 1.0539529754610157], [30.606573416614992, 1.0521289754592544], [30.612289416620342, 1.051730975458895], [30.61660341662423, 1.0543049754614913], [30.621175416628603, 1.0541239754611524], [30.621664416629073, 1.0511419754584495], [30.618736416626234, 1.0469749754545319], [30.60961541661777, 1.0452689754529274], [30.602603416611146, 1.038529975446636], [30.589853416599453, 1.0342579754426424], [30.590332416599722, 1.0321949754406887], [30.601062416609693, 1.0329989754416147], [30.60472841661317, 1.0318889754405518], [30.60795641661616, 1.0291669754378745], [30.608217416616526, 1.0261819754352928], [30.603912416612502, 1.022689975431831], [30.599577416608327, 1.022183975431517], [30.592462416601848, 1.0250949754342855], [30.581506416591537, 1.024057975433152], [30.577817416588232, 1.0272349754361585], [30.579353416589584, 1.0332259754418374], [30.577957416588333, 1.0357379754441354], [30.559850416571408, 1.041057975449121], [30.554367416566265, 1.0409989754489288], [30.55118741656338, 1.0391269754472887], [30.547597416559938, 1.0328839754413366], [30.541908416554634, 1.0091559754193895], [30.538784416551835, 1.0022289754128906], [30.536480416549693, 1.025640975434726], [30.53755541655073, 1.0318569754404052], [30.544298416557012, 1.0424989754503713], [30.54734441655978, 1.056777975463774], [30.545240416557817, 1.0613509754680308], [30.54113541655397, 1.0606179754672667], [30.522834416536853, 1.0411189754490806], [30.517448416532034, 1.031869975440486], [30.511331416526218, 1.0269779754360115], [30.50722641652237, 1.0262439754353636], [30.497663416513433, 1.0447529754524112], [30.499204416514885, 1.050053975457331], [30.504200416519552, 1.0530949754602261], [30.50644141652174, 1.0572559754641588], [30.51304441652792, 1.059394975466148], [30.509075416524183, 1.0673939754735784], [30.51040441652526, 1.0713149754772076], [30.513395416528056, 1.0692799754754105], [30.517044416531462, 1.0700089754759574], [30.522857416536908, 1.0820199754871282], [30.516208416530844, 1.1056159755091812], [30.51135241652628, 1.1110789755143742], [30.50738541652254, 1.118848975521587], [30.50052841651609, 1.1190039755215366], [30.497978416513888, 1.1224229755248416], [30.49558041651153, 1.1329679755347115], [30.497182416512942, 1.1541269755543908], [30.500723416516394, 1.164965975564428], [30.49597541651201, 1.1816899755799568], [30.492719416508862, 1.1869399755848917], [30.486053416502727, 1.1905449755881818], [30.48412341650078, 1.2001759755971761], [30.487772416504185, 1.2009049755979504], [30.49420141651035, 1.1979869755953132], [30.50036441651605, 1.1987429755959056], [30.508070416523196, 1.2048019756016402], [30.513086416527813, 1.2057749756024805], [30.515070416529625, 1.207693975604343], [30.51509441652979, 1.2103929756067373], [30.51231341652715, 1.2140399756101488], [30.50176841651728, 1.2171429756131147], [30.49783541651368, 1.2216969756173057], [30.49165541650791, 1.2225489756181105], [30.48863741650507, 1.2268829756221749], [30.487389416503902, 1.2333289756281829]], [[30.51421941652893, 1.0348219754432648], [30.518852416533264, 1.050266975457589], [30.517459416531892, 1.052319975459568], [30.514265416529042, 1.052055975459325], [30.51224741652709, 1.0483569754558175], [30.50723041652236, 1.0473839754549772], [30.505224416520605, 1.0427669754506041], [30.512626416527382, 1.0341149754426624], [30.51421941652893, 1.0348219754432648]]]}}, {"type": "Feature", "properties": {"name": "VICTORIA NILE"}, "geometry": {"type": "Polygon", "coordinates": [[[32.3267864182169, 1.6592339760247796], [32.33649041822605, 1.6424669760092456], [32.343818418232786, 1.640920976007692], [32.347271418236005, 1.6384209760053636], [32.34777441823644, 1.6329089760001807], [32.3367574182264, 1.6376419760047156], [32.33127941822113, 1.6364449760035313], [32.32902941821908, 1.6325179759999173], [32.33042541822033, 1.6293119759968704], [32.34510441823409, 1.624149975992168], [32.34873541823754, 1.6273999759951039], [32.35535441824368, 1.6286059759961518], [32.35856641824671, 1.6274839759951192], [32.35814641824618, 1.6228829759909331], [32.35243641824081, 1.622373975990513], [32.349945418238576, 1.6193639759876532], [32.36486041825242, 1.6130549759818678], [32.368045418255406, 1.6146919759833054], [32.37300441826005, 1.6232389759911712], [32.380771418267386, 1.623994975991991], [32.389709418275515, 1.6217729759898702], [32.393627418279266, 1.6181279759864537], [32.39364641827933, 1.6155999759841961], [32.38776441827372, 1.6081929759773175], [32.39054441827648, 1.6038489759732784], [32.396267418281695, 1.6029789759722917], [32.40060041828565, 1.60416497597339], [32.40468641828966, 1.6076479759767608], [32.40623041829099, 1.6143269759829764], [32.40207641828715, 1.6193489759875774], [32.40274441828774, 1.6214239759895008], [32.41006141829462, 1.6212559759894702], [32.42129141830492, 1.617902975986226], [32.42612841830942, 1.6135769759821414], [32.42871141831188, 1.6057829759749893], [32.43171341831476, 1.6018999759712642], [32.43882341832136, 1.5994319759690825], [32.441822418324136, 1.5960089759657876], [32.441616418323974, 1.5934779759634239], [32.438213418320856, 1.590231975960478], [32.43891941832135, 1.5879389759584228], [32.452289418333976, 1.574718975946098], [32.455951418337236, 1.5740609759454856], [32.46142241834241, 1.5761749759474242], [32.46480941834557, 1.5810309759519896], [32.46223441834309, 1.5885949759590403], [32.46358141834435, 1.5915949759616979], [32.46973441835007, 1.5937159759637325], [32.48848741836764, 1.5931839759632567], [32.50108741837926, 1.5903009759606448], [32.532985418409, 1.5758559759472064], [32.53648041841234, 1.5676099759393765], [32.53379041840981, 1.561150975933515], [32.521232418398085, 1.5592069759316018], [32.517307418394466, 1.5640019759359802], [32.509796418387396, 1.5598009759321485], [32.50339541838139, 1.5599769759323863], [32.49304241837194, 1.5677059759395888], [32.487113418366334, 1.565816975937878], [32.48554641836495, 1.5618969759341326], [32.48672141836596, 1.5577689759302302], [32.49040941836938, 1.5541219759268188], [32.50741241838523, 1.5441499759176622], [32.51342741839085, 1.535235975909245], [32.53077341840708, 1.530047975904381], [32.53186441840808, 1.5230409758978567], [32.520858418397665, 1.5212759758962875], [32.513275418390776, 1.525809975900529], [32.48402041836334, 1.5529189759256496], [32.46426041834502, 1.564705975936704], [32.453266418334806, 1.566911975938865], [32.44277241832492, 1.5642949759362637], [32.42554141830897, 1.574492975945759], [32.41936541830319, 1.5748999759462095], [32.41439441829857, 1.5677319759395232], [32.41188841829626, 1.5667919759387132], [32.40087541828598, 1.5712949759429193], [32.39764041828289, 1.575405975946751], [32.394966418280546, 1.594691975964679], [32.391273418277024, 1.5985689759681918], [32.37087241825816, 1.6048309759742097], [32.355262418243456, 1.612513975981301], [32.3567124182448, 1.6031009759724384], [32.354682418242874, 1.5998649759694672], [32.35126541823979, 1.5982269759679184], [32.34805341823676, 1.5995789759692798], [32.33900041822835, 1.6155929759841001], [32.33417141822383, 1.6189989759873242], [32.31816441820888, 1.6193209759876481], [32.31745941820827, 1.6213839759896018], [32.32098041821155, 1.6379659760050345], [32.319324418210044, 1.6443879760108757], [32.311485418202665, 1.6521369760182552], [32.30804441819964, 1.6532569760192928], [32.30972641820108, 1.6438459760104251], [32.30866241820013, 1.6344119760017293], [32.30500741819674, 1.6339209760012636], [32.29870241819094, 1.6497279760158108], [32.29523441818765, 1.6538359760197636], [32.28425641817739, 1.654430976020194], [32.27779341817131, 1.6612719760266828], [32.27297241816677, 1.6639879760291478], [32.25078941814627, 1.6640259760292793], [32.23815141813452, 1.671271976035996], [32.21456141811245, 1.6761239760405715], [32.14213541804497, 1.669281976034199], [32.132339418035826, 1.6650579760300843], [32.10938241801455, 1.6492219760154967], [32.104129418009734, 1.6487159760149552], [32.099071418004996, 1.6518899760178556], [32.09718341800317, 1.6587699760243595], [32.09894141800487, 1.6668309760318607], [32.10861241801376, 1.6855379760493179], [32.10766641801297, 1.6887479760523547], [32.10237541800802, 1.692608976055908], [32.10023541800592, 1.7020159760645583], [32.10410641800968, 1.729866976090534], [32.107940418013186, 1.7361079760962639], [32.115425418020095, 1.7433019761031119], [32.1425054180454, 1.7584839761173043], [32.1606674180623, 1.7740469761317854], [32.18412041808415, 1.7855189761423844], [32.20489141810344, 1.7902989761469144], [32.21305441811114, 1.7984169761543853], [32.22238541811976, 1.8037859761593609], [32.22814541812522, 1.798547976154623], [32.24642941814227, 1.8000859761559695], [32.25550841815061, 1.807981976163319], [32.26964541816369, 1.8127029761676567], [32.27623341817002, 1.8180479761726929], [32.278484418171956, 1.8222059761765195], [32.27677141817048, 1.8355259761890466], [32.278316418171926, 1.8419769761949283], [32.2812654181746, 1.8449909761977779], [32.3004764181926, 1.844926976197712], [32.3394474182287, 1.8611259762128611], [32.34350941823254, 1.8675989762189147], [32.339786418229096, 1.8753839762259759], [32.34487941823386, 1.8951999762446121], [32.34169041823088, 1.9209239762685684], [32.34255641823165, 1.926449976273716], [32.34503941823391, 1.9303799762772087], [32.35775341824592, 1.9415249762876101], [32.362243418250046, 1.951910976297313], [32.3606034182485, 1.9564949763016557], [32.34482241823389, 1.9561299763013267], [32.339313418228585, 1.9583819763033716], [32.33515541822476, 1.9634049763080839], [32.33416741822384, 1.9719039763160708], [32.337440418226834, 1.9907859763336546], [32.343235418232325, 2.009000976350535], [32.35115841823972, 2.0460889763851355], [32.35174941824016, 2.0573609763955574], [32.34840441823712, 2.0743479764114454], [32.344680418233565, 2.0819049764184], [32.33244341822228, 2.0951369764306946], [32.32675141821687, 2.1190029764529754], [32.32301741821357, 2.127478976460907], [32.323394418213866, 2.1371399764698253], [32.320705418211446, 2.1575829764888113], [32.3212854182118, 2.170234976500751], [32.31746641820837, 2.188828976517925], [32.30286441819476, 2.211009976538662], [32.291545418184114, 2.2237899765505063], [32.2790334181725, 2.242308976567756], [32.26079941815556, 2.2607779765849045], [32.25416141814935, 2.2607209765849348], [32.24368641813953, 2.255110976579772], [32.226749418123745, 2.2556529765802225], [32.188106418087955, 2.2258799765525055], [32.1716694180725, 2.221596976548426], [32.145729418048404, 2.231256976557461], [32.14086541804386, 2.2378829765636965], [32.12865441803251, 2.247663976572767], [32.10894741801417, 2.2509389765757533], [32.10389341800942, 2.2531939765779043], [32.0919074179983, 2.2632069765872984], [32.086177417992985, 2.2643059765882754], [32.07648441798392, 2.273877976597305], [32.067752417975726, 2.277939976600919], [32.06014641796878, 2.284310976607003], [32.05257841796174, 2.286543976608982], [32.04204541795184, 2.2869099766094223], [32.03747541794746, 2.286178976608653], [32.025413417936306, 2.2789419766020274], [32.01968741793098, 2.2793499766023615], [32.01135641792325, 2.2900839766123227], [32.003658417916085, 2.306572976627649], [31.997001417909814, 2.309042976630053], [31.992826417905917, 2.315444976635945], [31.989168417902647, 2.3149519766354842], [31.97838241789259, 2.3185339766387187], [31.97488441788937, 2.325862976645567], [31.96824041788318, 2.3267219766464677], [31.955778417871443, 2.3385689766573705], [31.940649417857458, 2.3414209766601743], [31.936500417853495, 2.3448329766633833], [31.9334694178508, 2.3510149766691484], [31.92101841783915, 2.3614809766788767], [31.911876417830626, 2.3600179766774545], [31.906135417825226, 2.3622659766795095], [31.901109417820635, 2.361299976678538], [31.89513741781502, 2.3637759766809268], [31.89034041781042, 2.36281197667995], [31.85966341778203, 2.364140976681256], [31.84572241776891, 2.3621739766795145], [31.833984417758074, 2.369424976686105], [31.828497417752942, 2.368914976685801], [31.81163641773719, 2.3607109766780923], [31.799846417726258, 2.3486429766667243], [31.78051141770834, 2.335814976654774], [31.76960941769812, 2.3267449766465234], [31.765562417694355, 2.318887976639189], [31.756683417685963, 2.313975976634538], [31.750164417680026, 2.3010369766225267], [31.711145417643593, 2.2889449766112193], [31.704082417636982, 2.285658976608147], [31.694782417628403, 2.2768329765999624], [31.658483417594653, 2.2677539765913934], [31.64459441758163, 2.2602639765846106], [31.63383241757174, 2.261082976585385], [31.629686417567882, 2.2640329765879414], [31.625047417563565, 2.2706579765942934], [31.620912417559566, 2.2724589765957717], [31.607652417547342, 2.2711839765947843], [31.600778417540823, 2.2722679765956855], [31.575740417517636, 2.2823789766050595], [31.561763417504608, 2.2845459766072054], [31.548530417492202, 2.2802799766031967], [31.533752417478354, 2.270250976593843], [31.531974417476704, 2.264484976588392], [31.51994141746559, 2.2544809765790887], [31.514703417460623, 2.251900976576735], [31.508987417455273, 2.25138597657633], [31.50233041744923, 2.2536219765784153], [31.50687241745345, 2.2573449765818623], [31.515081417461033, 2.2604129765845755], [31.530076417474902, 2.2715959765951084], [31.541624417485764, 2.2848139766074382], [31.561241417504107, 2.2914409766135577], [31.571542417513683, 2.290848976613006], [31.580965417522293, 2.2865689766090327], [31.593795417534466, 2.2848509766074585], [31.600475417540565, 2.280084976602893], [31.614702417553872, 2.2758499765991473], [31.624982417563388, 2.2775569766006356], [31.629116417567275, 2.27621597659936], [31.637209417574695, 2.2670929765909023], [31.642246417579372, 2.266680976590578], [31.65455241759105, 2.272085976595463], [31.661827417597806, 2.277213976600251], [31.679172417613927, 2.282205976604928], [31.689252417623266, 2.2809209766037384], [31.693357417627112, 2.2823389766051605], [31.69808741763154, 2.2906629766127935], [31.70241541763562, 2.292772976614742], [31.708600417641264, 2.2919109766139627], [31.722955417654703, 2.29871397662032], [31.730737417661885, 2.298556976620148], [31.746008417676194, 2.3051379766263835], [31.754798417684242, 2.3197079766398474], [31.7718024177002, 2.3371139766561555], [31.78114341770879, 2.341799976660468], [31.78680941771404, 2.347831976666157], [31.792295417719288, 2.3485729766666736], [31.80475441773092, 2.3624869766797474], [31.81339841773888, 2.368315976685153], [31.831180417755377, 2.3758389766921937], [31.850692417773644, 2.369118976685968], [31.85662041777914, 2.3717029766883115], [31.86763741778941, 2.368123976684956], [31.89555941781532, 2.3679189766846775], [31.89828641781787, 2.370013976686778], [31.901945417821253, 2.3702769766869096], [31.911605417830287, 2.3648449766819795], [31.918203417836594, 2.369274976686029], [31.930851417848316, 2.3622599766795247], [31.93711441785399, 2.3528879766708997], [31.951826417867778, 2.3454319766638037], [31.960077417875482, 2.3441269766626647], [31.964469417879627, 2.3391069766580586], [31.966344417881373, 2.3340639766531694], [31.977592417891856, 2.3302559766498234], [31.981773417895738, 2.3231639766431726], [31.989780417903148, 2.323466976643431], [31.994833417907785, 2.3214419766416086], [31.996246417909106, 2.31685497663716], [32.00910941792108, 2.31145197663227], [32.01371741792536, 2.3078129766288384], [32.018432417929716, 2.292216976614327], [32.02443741793536, 2.2858319766082786], [32.0276454179384, 2.2851709766077875], [32.04312541795275, 2.2942779766162857], [32.04999141795929, 2.294109976616028], [32.075935417983374, 2.284451976606988], [32.093227417999515, 2.26965797659318], [32.11919741802376, 2.2563189765808147], [32.128143418032096, 2.254098976578689], [32.15438841805644, 2.2354729765613683], [32.169746418070645, 2.2321579765582555], [32.18574941808561, 2.2339079765599763], [32.19168141809109, 2.2360299765618947], [32.20301041810171, 2.248546976573607], [32.212566418110555, 2.2550699765797617], [32.23170841812839, 2.2642049765881893], [32.24520441814093, 2.264781976588665], [32.25088841814636, 2.2689719765926384], [32.25819441815315, 2.27087397659443], [32.27642441817011, 2.252864976577712], [32.28793341818073, 2.2446859765700538], [32.29468141818711, 2.2316359765577545], [32.31407541820522, 2.2108759765385457], [32.32102941821154, 2.20058797652905], [32.33164641822145, 2.1625059764935486], [32.32994441821984, 2.1473139764793814], [32.33168741822146, 2.13054297646363], [32.33901941822842, 2.102091976437123], [32.344139418233226, 2.0917879764276677], [32.35153941824001, 2.0821929764185825], [32.358760418246675, 2.066618976404243], [32.358818418246756, 2.0601809763982146], [32.350738418239416, 2.014123976355222], [32.34690841823567, 2.0071929763487333], [32.34249441823158, 1.9880709763310733], [32.34508141823403, 1.9798149763232686], [32.34057641822983, 1.9714989763156154], [32.3424414182316, 1.9673759763118142], [32.3470384182358, 1.9648859763094606], [32.35733741824538, 1.9640549763087165], [32.36376541825143, 1.9613509763062211], [32.368381418255694, 1.9563309763013876], [32.36892741825636, 1.9457589762916996], [32.366226418253746, 1.9406779762869064], [32.35850541824652, 1.9337139762803872], [32.3500824182388, 1.9290439762760343], [32.34782841823653, 1.925345976272638], [32.351501418240105, 1.8964069762455438], [32.347095418235995, 1.876595976227236], [32.3496934182383, 1.8665019762177053], [32.34724041823597, 1.8591239762108671], [32.3411174182304, 1.8528639762050716], [32.31101641820237, 1.842718976195556], [32.30283341819472, 1.8366709761901348], [32.283153418176425, 1.8381099761913902], [32.28067741817404, 1.8334899761871384], [32.28487441817788, 1.8238699761780026], [32.28398941817704, 1.8206439761750062], [32.281063418174426, 1.8151009761700152], [32.270858418164835, 1.804666976160206], [32.2523884181478, 1.7982989761542285], [32.2401044181363, 1.79083497614738], [32.233249418129844, 1.7900859761466563], [32.227508418124444, 1.7927949761492528], [32.22134441811886, 1.791821976148185], [32.217929418115546, 1.7897229761463223], [32.211601418109694, 1.7809309761380518], [32.20610441810459, 1.7822629761394637], [32.198795418097916, 1.7810489761382087], [32.18513141808512, 1.774261976131811], [32.17391241807468, 1.7762329761337696], [32.16550041806681, 1.7701819761280149], [32.154167418056204, 1.7588169761174868], [32.139369418042406, 1.751099976110254], [32.12414141802833, 1.7401599761001307], [32.11190441801682, 1.7276379760885447], [32.10877241801404, 1.7195629760808515], [32.107906418013044, 1.7138079760754863], [32.11333041801822, 1.6950049760580441], [32.11384941801862, 1.687882976051469], [32.10217241800774, 1.6634119760285557], [32.10498041801043, 1.6560799760218288], [32.108638418013925, 1.6561129760218591], [32.12544241802948, 1.6693649760341032], [32.14205141804496, 1.6789369760431327], [32.15687941805868, 1.6832049760471364], [32.19069641809028, 1.6858009760494497], [32.21128441810947, 1.6846019760484978], [32.22023741811768, 1.6807709760448688], [32.24380141813981, 1.6793679760435225], [32.268547418162825, 1.6733749760378487], [32.29372741818611, 1.6696849760344321], [32.31278241820405, 1.661113976026627], [32.3267864182169, 1.6592339760247796]]]}}, {"type": "Feature", "properties": {"name": "LAKE KWANIA"}, "geometry": {"type": "Polygon", "coordinates": [[[32.33448841822428, 1.6471309760136137], [32.3267864182169, 1.6592339760247796], [32.34184641823094, 1.6579149760234486], [32.35532741824363, 1.6589499760245872], [32.36216741825001, 1.6613079760265919], [32.37171541825887, 1.6678259760328729], [32.388248418274316, 1.6868169760505225], [32.40232141828733, 1.6993509760620782], [32.40755841829218, 1.701924976064447], [32.420818418304634, 1.7024969760650492], [32.44005941832256, 1.6982919760612276], [32.46224241834307, 1.6980189760608937], [32.46823841834885, 1.6918619760551792], [32.476032418356, 1.6893989760528711], [32.48867441836774, 1.6816889760457343], [32.496517418375106, 1.6730189760376106], [32.50587441838388, 1.6751669760396908], [32.513656418391065, 1.67431197603878], [32.520309418397346, 1.6718389760364971], [32.528594418404964, 1.6650119760302005], [32.5407214184163, 1.664192976029426], [32.55439341842907, 1.6698239760346496], [32.57645441844943, 1.684259976047997], [32.59380341846577, 1.688081976051535], [32.59835441846985, 1.6906479760539241], [32.616733418487, 1.7082709760704802], [32.621933418491835, 1.7159009760775916], [32.62592341849563, 1.731336976091825], [32.63002441849949, 1.7332089760936924], [32.6364634185054, 1.7286649760894761], [32.644016418512365, 1.7278069760886865], [32.64764041851572, 1.731973976092604], [32.650989418518975, 1.742346976102226], [32.65782141852537, 1.7456219761052125], [32.67493041854118, 1.7658199761240212], [32.6761134185424, 1.7745089761322106], [32.6743504185406, 1.7944959761507562], [32.678787418544744, 1.8117749761668165], [32.68241541854832, 1.8157129761705164], [32.68925441855458, 1.8180679761726424], [32.69245941855752, 1.8178639761724753], [32.695690418560616, 1.8142119761691902], [32.690719418556, 1.8065839761620737], [32.68804541855343, 1.7980559761540462], [32.689457418554866, 1.7930099761492784], [32.69384041855892, 1.7884469761452237], [32.69539241856023, 1.7656999761238694], [32.69726941856197, 1.7597369761183472], [32.701393418565885, 1.758851976117512], [32.70500941856926, 1.7639389761222901], [32.70736741857149, 1.783958976140866], [32.71214641857591, 1.7867569761435789], [32.71672441858027, 1.78610397614284], [32.72017641858338, 1.7836039761405118], [32.727500418590125, 1.7829729761399449], [32.73205141859444, 1.785538976142334], [32.73882241860065, 1.7970889761531907], [32.747238418608504, 1.8024449761580854], [32.751739418612715, 1.811906976166938], [32.76019641862058, 1.8124349761674239], [32.76315341862346, 1.8145279761693018], [32.76448841862475, 1.8193669761737965], [32.759582418620084, 1.8324319761861716], [32.771453418631154, 1.8345969761880951], [32.77394841863338, 1.8376059761908436], [32.77571841863505, 1.8449769761978132], [32.77378841863333, 1.8578369762096827], [32.77532941863478, 1.8652059762166573], [32.78078441863977, 1.8698489762209647], [32.78353141864227, 1.869410976220479], [32.78470641864351, 1.8655119762167942], [32.782035418641044, 1.8560639762081337], [32.78368341864257, 1.849869976202399], [32.7896424186481, 1.8483079762008856], [32.79351841865173, 1.8499479762024293], [32.80531341866276, 1.8622279762137168], [32.80843741866556, 1.8723699762233537], [32.812553418669495, 1.8721719762231714], [32.81876341867519, 1.8678539762190667], [32.8247754186807, 1.859394976211206], [32.82957841868529, 1.8594329762111101], [32.83617741869148, 1.863853976215296], [32.8392034186943, 1.8572109762092168], [32.847213418701585, 1.8563549762084222], [32.85063141870478, 1.8579919762098598], [32.85219941870628, 1.8621429762138177], [32.848938418703256, 1.8697039762207623], [32.8502964187046, 1.871553976222458], [32.85395441870787, 1.8718129762228273], [32.860374418713945, 1.8695649762205448], [32.86452441871779, 1.8654589762168143], [32.865478418718794, 1.8604079762121728], [32.86190041871532, 1.8498039762023382], [32.862156418715585, 1.8463569761991039], [32.867462418720606, 1.840421976193511], [32.872951418725734, 1.8404649761935161], [32.87997841873221, 1.84879797620124], [32.883632418735715, 1.8490569762016094], [32.88570741873764, 1.8470039761996304], [32.88307941873518, 1.8322689761860147], [32.88519341873712, 1.8251579761792982], [32.90068441875155, 1.8328669761865513], [32.90828741875862, 1.8255699761796222], [32.91241441876241, 1.824222976178362], [32.920604418770154, 1.8298059761837067], [32.92330541877254, 1.8355749761890365], [32.91704541876675, 1.846560976199271], [32.9295344187783, 1.8581549762100167], [32.93132741878003, 1.8627669762142887], [32.93037441877914, 1.8675879762188288], [32.93255241878114, 1.8818599762321355], [32.93756841878576, 1.8839679762340893], [32.945804418793614, 1.8838029762339374], [32.95036341879768, 1.8856779762356837], [32.954845418801824, 1.8974389762465762], [32.95871741880546, 1.8997679762487678], [32.97404441881986, 1.8991989762482717], [32.98904841883382, 1.911500976259731], [33.00106841884508, 1.9244699762718938], [33.014083418857126, 1.92732997627445], [33.0260044188683, 1.9237429762711145], [33.02923541887117, 1.9203199762678196], [33.02661541886869, 1.9039749762528118], [33.02342641886571, 1.902110976250924], [33.01060441885397, 1.90385097625267], [33.006507418850106, 1.9012899762501547], [33.00497041884864, 1.893000976242547], [32.996799418840965, 1.884660976234727], [32.993240418837786, 1.8715279762225236], [32.98801441883279, 1.8668889762182062], [32.97270941881857, 1.8644699762160144], [32.96747241881371, 1.8616699762133067], [32.96252441880915, 1.8508259762031685], [32.95455541880165, 1.8459359761986889], [32.95388841880094, 1.8436309761964367], [32.95551341880264, 1.8406549761937185], [32.95985841880656, 1.84068897619386], [32.9794774188249, 1.8468199761994128], [32.98268541882794, 1.8461549761989318], [32.98431341882929, 1.8422589761951258], [32.97844741882386, 1.8320979761856506], [32.97711541882268, 1.8265689761806243], [32.979713418824986, 1.8162439761711084], [32.985260418830194, 1.8086999761640072], [32.98870041883356, 1.8071169761624333], [32.99304141883749, 1.8078409761631065], [32.998027418842184, 1.813626976168507], [32.999542418843475, 1.8246739761789286], [33.00408541884781, 1.8290779761830436], [33.010025418853274, 1.8298139761836865], [33.014156418857056, 1.8277769761816671], [33.019695418862284, 1.8213819761758714], [33.02133541886383, 1.816106976170886], [33.0195424188621, 1.8110349761661837], [33.009319418852556, 1.8022199761578577], [33.006847418850384, 1.7966829761528516], [33.009159418852505, 1.7932519761495769], [33.01695641885976, 1.790323976146965], [33.016296418859156, 1.7870999761439634], [33.0124324188555, 1.7840809761410128], [33.007850418851376, 1.7847359761417465], [33.00048441884451, 1.7913459761477952], [32.9961664188404, 1.7876339761444342], [32.993244418837776, 1.7811739761382341], [32.99374341883822, 1.7756599761332836], [32.99977141884369, 1.764900976123272], [32.998249418842306, 1.7547739761137109], [33.00016441884418, 1.743293976103132], [32.99950741884345, 1.7393809760994827], [32.99067641883539, 1.7280469760887627], [32.98789941883274, 1.7323929760927967], [32.97851941882391, 1.762896976121283], [32.97177541881774, 1.7773279761347567], [32.96870041881493, 1.7910979761475119], [32.96269941880928, 1.798177976154193], [32.95857641880548, 1.7988359761548054], [32.9528274188001, 1.8031589761587838], [32.94346241879134, 1.8017059761575638], [32.93483741878322, 1.793131976149425], [32.928665418777655, 1.7926239761488887], [32.92315341877247, 1.7957989761519002], [32.91949441876909, 1.7960009761520723], [32.909710418759914, 1.789255976145796], [32.903083418753795, 1.788743976145497], [32.89872341874957, 1.7905489761469653], [32.889976418741526, 1.7978369761538033], [32.88607741873784, 1.7994159761553874], [32.88173641873391, 1.7989209761549319], [32.87084241872367, 1.7882599761449], [32.86400641871728, 1.7854469761423388], [32.86147641871503, 1.7870359761438976], [32.85915341871282, 1.7916149761481392], [32.860004418713515, 1.7996689761555444], [32.856777418710635, 1.8033219761589407], [32.850593418704875, 1.8041919761597], [32.84599641870045, 1.8071439761624788], [32.8416134186964, 1.8121679761673022], [32.83578841869098, 1.8256859761797841], [32.830711418686406, 1.831622976185372], [32.825672418681734, 1.8327319761863237], [32.813957418670725, 1.8101079761652272], [32.80595741866318, 1.8095839761647312], [32.80414241866151, 1.8077299761630456], [32.80714841866438, 1.8033859761590065], [32.809063418666256, 1.7925959761489594], [32.807247418664474, 1.7907419761472738], [32.800796418658365, 1.7968979761528772], [32.798057418655844, 1.796185976152401], [32.79470041865284, 1.7871929761438423], [32.795898418653906, 1.7800759761373683], [32.79458241865268, 1.7729379761306063], [32.79118341864955, 1.7687719761268], [32.77841941863767, 1.763841976122194], [32.77525341863475, 1.7589889761177346], [32.78677741864544, 1.747586976106959], [32.791332418649745, 1.7499219761091354], [32.79682141865487, 1.7501959761095804], [32.79797341865583, 1.749055976108366], [32.79781341865578, 1.7403179761001866], [32.799659418657484, 1.7380339760982224], [32.80995541866696, 1.7374269760975949], [32.81042441866748, 1.7358219760960765], [32.80500841866228, 1.726581976087573], [32.80205141865963, 1.7244899760855787], [32.7965624186545, 1.724904976086009], [32.785308418644036, 1.731021976091597], [32.77917441863838, 1.731126976091673], [32.77093541863064, 1.7267689760876692], [32.76425941862453, 1.7324619760929636], [32.753013418614046, 1.7374289760975898], [32.74091341860276, 1.7352629760955551], [32.73500841859709, 1.72992697609061], [32.73321541859559, 1.725314976086338], [32.73420341859651, 1.7161269760777031], [32.73906341860106, 1.708809976071052], [32.740944418602794, 1.7026179760650848], [32.738464418600415, 1.697999976060828], [32.73480641859692, 1.6981999760610051], [32.72308741858615, 1.70523197606758], [32.71737341858079, 1.7049559760673674], [32.71442041857813, 1.7021729760647304], [32.71291741857658, 1.6902069760535596], [32.71042641857434, 1.6869679760507097], [32.70677541857094, 1.6862489760499102], [32.69643441856124, 1.692601976055812], [32.690719418556, 1.6923249760554882], [32.678020418544065, 1.6791179760432442], [32.666404418533375, 1.6732759760377576], [32.6503104185183, 1.6561329760218086], [32.64150241851007, 1.6427279760093825], [32.618290418488414, 1.6289739759965869], [32.607807418478615, 1.6247499759926995], [32.602096418473366, 1.6242429759922743], [32.59590941846773, 1.6258009759935703], [32.592685418464725, 1.6285329759962224], [32.589420418461714, 1.6365519760036022], [32.58461341845714, 1.6369719760041335], [32.57483341844795, 1.63091397599851], [32.565994418439686, 1.6211859759894196], [32.5669444184407, 1.6168259759851935], [32.57016741844359, 1.6143239759828703], [32.57542841844861, 1.6139079759825563], [32.57838841845137, 1.6153119759837864], [32.580867418453636, 1.6196999759879418], [32.57945641845231, 1.6247449759925985], [32.581249418454036, 1.6288979759965514], [32.586048418458404, 1.6293969759969968], [32.58862641846076, 1.621372975989516], [32.584591418457194, 1.6116849759805518], [32.58073041845341, 1.6084339759775048], [32.561790418435976, 1.603909975973238], [32.551589418426374, 1.5932509759634286], [32.539940418415426, 1.5917749759619255], [32.536934418412784, 1.5961169759659697], [32.53691441841261, 1.5986459759683385], [32.542346418417765, 1.605127975974483], [32.54873641842369, 1.6065599759756424], [32.55305841842778, 1.6095839759784667], [32.55349341842816, 1.6121159759809416], [32.54494441842007, 1.6230789759911204], [32.5423774184178, 1.6294949759969768], [32.544178418419506, 1.632957976000398], [32.54691341842204, 1.633899976001203], [32.55039241842519, 1.6279519759955292], [32.55430641842895, 1.6247659759926592], [32.55773141843201, 1.6252549759931298], [32.563625418437596, 1.631280975998834], [32.57729741845037, 1.6369109760039464], [32.579093418451976, 1.6410639760078993], [32.57608041844924, 1.646325976012804], [32.55094541842573, 1.6440489760107084], [32.54201141841736, 1.6462729760125967], [32.52318241839998, 1.6557709760215857], [32.506462418384444, 1.6593099760248151], [32.45275541833439, 1.6836859760476273], [32.435802418318644, 1.6879099760515146], [32.41843841830246, 1.6859239760497076], [32.40501041828975, 1.678453976042647], [32.37980241826631, 1.6577799760234484], [32.37115441825836, 1.6528779760187717], [32.35929441824737, 1.6493289760155676], [32.3391724182286, 1.6498459760159676], [32.33448841822428, 1.6471309760136137]]]}}, {"type": "Feature", "properties": {"name": "LAKE KYOGA"}, "geometry": {"type": "Polygon", "coordinates": [[[32.89100641874256, 1.3292169757173724], [32.883003418734916, 1.3192929757080947], [32.88130941873351, 1.3242439757127613], [32.870750418723674, 1.3299059757180203], [32.86801541872114, 1.329194975717428], [32.86643641871956, 1.3266539757150895], [32.871765418724635, 1.3170439757061558], [32.880256418732415, 1.3125139757019042], [32.88372041873572, 1.3079449756976373], [32.883754418735634, 1.3035789756936538], [32.87049441872341, 1.3041629756939983], [32.85664341871052, 1.3217499757104179], [32.8552284187092, 1.3277139757160512], [32.8578874187117, 1.3383069757258], [32.84573341870032, 1.3724559757577026], [32.84281141869769, 1.3954159757790876], [32.831958418687464, 1.409809975792541], [32.82508841868116, 1.4113629757939634], [32.813919418670594, 1.4073669757901826], [32.806373418663725, 1.4075359757903243], [32.80108641865877, 1.4111719757936498], [32.797618418655475, 1.4164299757985646], [32.794567418652605, 1.4265189758079941], [32.79249941865078, 1.4278809758093303], [32.78586941864455, 1.4280579758094518], [32.77196841863156, 1.4226599758044358], [32.76168041862206, 1.4225769758043043], [32.75410841861503, 1.4264229758080091], [32.74885541860999, 1.4256909758073562], [32.728843418591396, 1.4128879757954564], [32.71932241858258, 1.4026979757859408], [32.71889141858219, 1.399476975782818], [32.72123341858446, 1.3923709757762026], [32.7293204185919, 1.3816339757661353], [32.73531341859757, 1.3752469757603194], [32.748146418609394, 1.3709839757564168], [32.75275041861369, 1.3668839757524438], [32.75901441861947, 1.3552129757415514], [32.7606654186211, 1.3485609757353814], [32.77096141863058, 1.3472649757343333], [32.77488741863431, 1.3424699757297276], [32.77705341863634, 1.3286979757169775], [32.7762224186356, 1.3178899757069757], [32.77374241863322, 1.3135029757027041], [32.7670704186271, 1.3194249757082162], [32.75712541861776, 1.3338239757217707], [32.755653418616475, 1.346911975733974], [32.75218541861318, 1.3519409757386711], [32.733581418595804, 1.3632819757490324], [32.7088814185729, 1.36514997575091], [32.70246541856682, 1.3671659757528687], [32.69509541855996, 1.3737709757588163], [32.689361418554654, 1.376482975761519], [32.67861141854473, 1.3770849757620454], [32.66165941852887, 1.3817729757663528], [32.65568941852325, 1.3851709757695971], [32.645080418513544, 1.3970359757806818], [32.641647418510274, 1.3974679757809554], [32.627300418496816, 1.3909139757749927], [32.61793541848806, 1.3903769757744158], [32.59889641847053, 1.3984949757818868], [32.57724741845027, 1.4183119758004068], [32.56530341843904, 1.4255679758070983], [32.560138418434235, 1.4420739758224954], [32.549976418424876, 1.4548609758344355], [32.548095418423145, 1.4612809758405092], [32.549408418424264, 1.4684169758470489], [32.566536418440364, 1.4986709758752568], [32.567382418441184, 1.506722975882667], [32.56478841843864, 1.5168149758922027], [32.562011418435986, 1.5206999758956954], [32.55558741843015, 1.5234039758981908], [32.53186441840808, 1.5230409758978567], [32.53077341840708, 1.530047975904381], [32.57739641845046, 1.5405949759142459], [32.57992141845284, 1.5394669759132285], [32.58131741845409, 1.5364899759103992], [32.57932241845219, 1.528428975902898], [32.58165341845438, 1.5231609758980085], [32.586460418458955, 1.5225109758973758], [32.592159418464234, 1.524396975899208], [32.59516541846688, 1.5200549758951638], [32.59359341846539, 1.5168239758920663], [32.588340418460575, 1.5160909758915295], [32.586074418458566, 1.5135439758889788], [32.5921214184641, 1.5009509758774584], [32.59510841846691, 1.498906975875343], [32.605636418476706, 1.4973849758739561], [32.618476418488626, 1.492893975869947], [32.62462641849447, 1.4954729758721896], [32.63743941850635, 1.494198975871086], [32.64905141851705, 1.5000409758765727], [32.65340041852119, 1.4993869758759502], [32.668941418535724, 1.5040919758803284], [32.67439641854071, 1.5039259758800654], [32.690910418556086, 1.496934975873728], [32.69662441856144, 1.4972109758739407], [32.70185841856642, 1.5002419758766337], [32.70658141857075, 1.5101639758859164], [32.71837941858166, 1.5210629758960295], [32.72289241858584, 1.5284549759030597], [32.760559418620915, 1.5646189759365825], [32.77818641863746, 1.5902759759605942], [32.789547418648, 1.5993319759688802], [32.80097541865871, 1.5996539759692041], [32.80373041866119, 1.5985269759682978], [32.80674341866393, 1.593263975963282], [32.81063441866763, 1.5926049759627858], [32.81861141867512, 1.5958869759658683], [32.82132741867758, 1.5993569759689308], [32.81993141867633, 1.60233397597176], [32.81080241866789, 1.6001919759698922], [32.809879418666924, 1.6015639759709757], [32.82372341867972, 1.6147779759833156], [32.82579041868166, 1.6136449759824245], [32.830497418686036, 1.5959819759659695], [32.81787141867426, 1.5735839759449846], [32.813518418670355, 1.5749279759463661], [32.80817841866542, 1.585458975956044], [32.80403141866145, 1.5891039759594605], [32.7930984186512, 1.5839599759547127], [32.79108841864945, 1.577966975949039], [32.79393341865216, 1.5651169759371442], [32.7919124186501, 1.560503975932761], [32.78352741864228, 1.5512409759242018], [32.78516341864383, 1.5466569759198592], [32.790687418648986, 1.5418739759154505], [32.79710341865507, 1.539856975913608], [32.80441641866173, 1.540375975914003], [32.82076641867707, 1.5542979759270565], [32.83997341869485, 1.5537619759265908], [32.86049641871409, 1.5608209759332112], [32.87710541872957, 1.5712969759429143], [32.890895418742275, 1.5617509759340464], [32.896854418748035, 1.559728975932103], [32.90164941875241, 1.560456975932766], [32.906421418756736, 1.564401975936562], [32.915229418764966, 1.5782639759493122], [32.91908241876854, 1.5826609759535586], [32.92159241877107, 1.5833709759540397], [32.92235141877177, 1.5739519759454197], [32.925384418774456, 1.5661599759380351], [32.93158341878029, 1.5625309759348056], [32.940662418788634, 1.5713369759428133], [32.94829941879584, 1.558983975931369], [32.95290741880012, 1.5546529759274108], [32.96113541880777, 1.5547169759274766], [32.96455041881086, 1.5565829759291319], [32.96654141881277, 1.5655629759376097], [32.974762418820546, 1.5667769759386374], [32.97633341882192, 1.5702369759419526], [32.9719314188178, 1.5780179759490238], [32.972835418818704, 1.5796339759506282], [32.98334841882843, 1.5799459759509773], [32.99465141883911, 1.566700975938602], [32.99446841883878, 1.560723975933115], [32.98994841883473, 1.553791975926515], [32.98794541883285, 1.5466509759198743], [32.989807418834516, 1.542527975916073], [32.99210341883668, 1.541166975914848], [32.997592418841805, 1.5409789759146406], [33.01514841885819, 1.5473219759205676], [33.01853941886134, 1.552174975925027], [33.02120241886382, 1.562769975934998], [33.0243914188668, 1.5646329759367745], [33.033989418875535, 1.5649379759370277], [33.03739141887877, 1.5686419759404089], [33.03823441887948, 1.578072975949226], [33.03959241888083, 1.579691975950709], [33.05146441889201, 1.5820829759529715], [33.056907418897026, 1.5876409759580383], [33.06209541890189, 1.5968759759666682], [33.07172341891078, 1.5935019759635907], [33.07720141891582, 1.5946939759646739], [33.07945641891797, 1.5990779759688394], [33.077354418916, 1.6050389759743666], [33.07939141891802, 1.6078129759769126], [33.08395341892219, 1.6089979759778998], [33.0857544189239, 1.6131489759818578], [33.08069241891917, 1.6170179759853909], [33.07998641891845, 1.620000975988205], [33.0824734189207, 1.6236979759917176], [33.088180418926186, 1.6246609759925832], [33.09497041893246, 1.6341379760015116], [33.09380341893143, 1.6368879760038908], [33.08713141892508, 1.6425839760092913], [33.085498418923635, 1.6467089760130875], [33.09003841892786, 1.6511119760173187], [33.09642841893378, 1.652769976018817], [33.09801141893536, 1.6550809760208267], [33.097488418934745, 1.6638119760291374], [33.09837341893558, 1.6679569760328832], [33.101097418938025, 1.6705059760352015], [33.11711541895306, 1.6687899760336222], [33.125267418960675, 1.6488519760150666], [33.12459941896009, 1.6465479760129256], [33.11049641894692, 1.6370149760041386], [33.108932418945415, 1.632175975999644], [33.11171741894805, 1.6266799759944206], [33.123592418959106, 1.6286099759961417], [33.12590041896124, 1.6256389759935246], [33.12027741895599, 1.613182975981772], [33.12167741895723, 1.6095149759785272], [33.13014241896508, 1.6084309759773987], [33.135364418970084, 1.6135279759821515], [33.14234141897646, 1.6280629759958174], [33.14937541898303, 1.6352419760023622], [33.15644041898963, 1.6385139760054699], [33.161487418994284, 1.6364839760035466], [33.162441418995286, 1.6309739759983586], [33.16134241899431, 1.6252179759931096], [33.16570241899831, 1.6229529759909838], [33.169803419002164, 1.624822975992629], [33.17338141900541, 1.635883976003015], [33.18206741901349, 1.6361789760032934], [33.18637041901752, 1.641498976008279], [33.19019741902116, 1.6500329760162913], [33.19680741902721, 1.6836459760475009], [33.203876419033804, 1.685997976049748], [33.20640141903618, 1.684637976048407], [33.21363041904283, 1.6658419760308334], [33.21778441904689, 1.6603549760259284], [33.22190841905058, 1.6594669760249872], [33.22964841905787, 1.6641219760292643], [33.23436741906221, 1.6754219760398428], [33.24161141906893, 1.6853609760491963], [33.24865741907547, 1.6911609760545616], [33.262546419088494, 1.699309976062068], [33.26665441909222, 1.700260976062964], [33.26943941909485, 1.6947639760578568], [33.266956419092594, 1.689917976053266], [33.25489441908144, 1.6824719760463722], [33.25264341907928, 1.6773969760417913], [33.25358541908008, 1.6734959760381116], [33.25936141908551, 1.6654939760305751], [33.26100941908703, 1.6592989760247292], [33.25832741908448, 1.650772976016924], [33.25881541908507, 1.6466389760130369], [33.26250041908838, 1.642758976009418], [33.26822241909372, 1.6421119760088914], [33.27461241909964, 1.6437679760103947], [33.283763419108254, 1.6431469760098025], [33.293117419116925, 1.6457449760121108], [33.29971341912301, 1.6503909760165243], [33.302196419125494, 1.655236976021115], [33.3003344191236, 1.6593609760248], [33.29620741911981, 1.6611699760264855], [33.295272419118874, 1.6636909760288745], [33.29729441912082, 1.6687629760335767], [33.30980641913243, 1.6775919760418674], [33.31528841913769, 1.678091976042424], [33.32102541914287, 1.6756059760400603], [33.327880419149324, 1.675885976040263], [33.33629241915719, 1.6830739760468987], [33.3435404191639, 1.6923229760554932], [33.34970441916971, 1.6937479760570113], [33.3588604191782, 1.692664976055994], [33.37012141918876, 1.6844719760483713], [33.37743741919553, 1.6845249760483512], [33.38378141920134, 1.693076976056318], [33.39109041920824, 1.6940499760571583], [33.39723241921388, 1.6982329760610355], [33.40124541921773, 1.7129749760747472], [33.40624241922228, 1.7173789760788623], [33.41006041922583, 1.7270619760879526], [33.41534041923069, 1.7562979761150928], [33.42758941924217, 1.7706399761284501], [33.433670419247846, 1.783557976140628], [33.437542419251486, 1.7856549761424958], [33.45954941927198, 1.7779979761353388], [33.463920419276064, 1.7745809761322562], [33.439727419253586, 1.7679689761259851], [33.43563041924972, 1.7649509761231457], [33.4336054192479, 1.7607979761194201], [33.43827841925213, 1.7465779761062095], [33.43237341924669, 1.740787976100819], [33.4317054192461, 1.738253976098349], [33.43633241925045, 1.7304709760910555], [33.44069641925444, 1.7277439760885045], [33.44480941925826, 1.7286939760895166], [33.445278419258784, 1.7266279760874568], [33.44164241925523, 1.7236129760847234], [33.440540419254376, 1.7176279760792568], [33.44400041925746, 1.7132849760751014], [33.444030419257615, 1.7093769760715531], [33.441093419254685, 1.704297976066755], [33.43976941925348, 1.6973919760603167], [33.43659641925069, 1.6934609760567128], [33.42816141924277, 1.6901809760536253], [33.42476241923964, 1.6853289760490497], [33.423893419238766, 1.6791159760432492], [33.425983419240765, 1.674533976039129], [33.43559641924958, 1.6734539760379903], [33.442436419255955, 1.676031976040349], [33.45469641926752, 1.6885339760519855], [33.46244441927456, 1.6922679760555184], [33.47044741928221, 1.6923259760555993], [33.47114941928271, 1.6898019760533316], [33.46958141928121, 1.6854229760492672], [33.45889641927147, 1.6763799760408347], [33.456192419268746, 1.670843976035485], [33.46635841927832, 1.6559739760216416], [33.46978341928161, 1.6566889760224512], [33.474662419286005, 1.6638359760290768], [33.477729419288835, 1.664561976029745], [33.48346741929436, 1.661843976027285], [33.4857714192965, 1.6588719760243293], [33.48324541929401, 1.6529409760189537], [33.49162241930185, 1.6398339760066847], [33.49118841930135, 1.6366129760037893], [33.4891354192996, 1.6361379760032833], [33.485691419296245, 1.638182976005055], [33.480144419291264, 1.6461889760125814], [33.46208241927434, 1.646518976012885], [33.45540241926801, 1.653136976019141], [33.44210441925566, 1.658328976023995], [33.42226441923731, 1.6512879760173291], [33.40053941921701, 1.6513599760173747], [33.38846241920578, 1.645754976012313], [33.381832419199554, 1.6459369760123082], [33.36394841918286, 1.6527029760186451], [33.353023419172814, 1.6457259760122724], [33.342281419162646, 1.6451869760117006], [33.33452241915552, 1.6428319760095746], [33.32862141915007, 1.637040976004073], [33.32773241914924, 1.6333569760006412], [33.32989141915118, 1.6193499759876886], [33.328098419149455, 1.6142799759829813], [33.321220419143174, 1.6169879759854666], [33.31110041913371, 1.625188975993069], [33.30353141912656, 1.6285809759963286], [33.29415141911795, 1.629430975996911], [33.286617419110826, 1.627765975995544], [33.25928541908547, 1.61376997598245], [33.244960419072186, 1.6028589759723673], [33.223850419052496, 1.582012975952921], [33.21952441904841, 1.5796819759507343], [33.21517541904427, 1.5803389759512356], [33.209888419039544, 1.584206975954885], [33.206459419036264, 1.5839509759546218], [33.196945419027315, 1.57192697594337], [33.19307741902389, 1.5695989759412896], [33.176841419008724, 1.5697059759413605], [33.172058419004316, 1.5676009759395129], [33.16321541899606, 1.5576499759301896], [33.147075418980876, 1.5453449759186242], [33.145046418979064, 1.541421975915], [33.148147418982035, 1.5242059758991218], [33.144981418979114, 1.51935497589443], [33.127780418963084, 1.5265799759013134], [33.12232541895787, 1.5224009758974262], [33.11775541895372, 1.522135975897072], [33.11201841894831, 1.525079975899871], [33.10790641894437, 1.5248189758995068], [33.10337041894036, 1.520187975895169], [33.10090241893795, 1.513961975889515], [33.09918941893625, 1.49854897587511], [33.101081418938065, 1.490058975867214], [33.105926418942545, 1.4838889758614187], [33.127636418962766, 1.4852039758627598], [33.13222141896722, 1.4831709758607303], [33.142517418976695, 1.48209997585991], [33.1480214189819, 1.4793829758573338], [33.160022418993094, 1.4645339758435512], [33.16346741899633, 1.4622609758412182], [33.17327841900533, 1.4648639758438549], [33.175277419007216, 1.4724639758508147], [33.1819304190135, 1.4692959758478992], [33.19218441902308, 1.4739709758521258], [33.194629419025205, 1.4829529758605986], [33.19712441902766, 1.4857299758632507], [33.21468341904392, 1.4918379758689753], [33.22125241904996, 1.5001619758766083], [33.22491041905346, 1.4997299758763347], [33.22608541905447, 1.4953709758722198], [33.222038419050705, 1.4863769758637773], [33.22435341905293, 1.4822569758598547], [33.22756941905595, 1.4804419758581844], [33.245346419072575, 1.4874709758648805], [33.25263241907919, 1.491891975868839], [33.26285141908875, 1.5011619758774941], [33.283016419107526, 1.4944169758712178], [33.28488541910929, 1.4886839758660244], [33.28354241910802, 1.4849969758624866], [33.28036141910502, 1.4824449758600622], [33.258197419084354, 1.480670975858402], [33.251136419077966, 1.4773999758554055], [33.24456041907183, 1.469995975848633], [33.243908419071204, 1.4656239758444372], [33.250404419077086, 1.4523409758321577], [33.24974041907649, 1.4493479758293688], [33.24701341907394, 1.4472589758272534], [33.23947541906705, 1.4467429758269645], [33.23149841905956, 1.4432359758236544], [33.22737841905564, 1.4441249758244794], [33.22575741905416, 1.4470999758273138], [33.226856419055366, 1.4530849758327804], [33.224514419053094, 1.4606519758399372], [33.22336241905191, 1.4620219758410258], [33.219936419048736, 1.4613069758404436], [33.21380641904307, 1.4557449758351595], [33.20769841903734, 1.4467349758267574], [33.19858941902885, 1.4422999758228343], [33.194519419025255, 1.4365229758172973], [33.18493241901615, 1.4343819758153131], [33.17903941901068, 1.427901975809391], [33.168045419000464, 1.4305769758118458], [33.162330418995225, 1.4305339758118407], [33.15800841899113, 1.4279729758093254], [33.155304418988635, 1.4226659758044207], [33.16288741899575, 1.417206975799445], [33.17005941900243, 1.4055389757884313], [33.176487419008254, 1.4021399757853032], [33.18104941901265, 1.4030939757863052], [33.18647741901759, 1.4107199757934268], [33.19218041902286, 1.4126019757950417], [33.212741419042004, 1.4141349757965145], [33.22007741904895, 1.4109719757934727], [33.22377741905234, 1.4052539757881277], [33.221061419049875, 1.4017859757850601], [33.20139741903154, 1.402787975785941], [33.200271419030514, 1.4000209757832636], [33.21293641904231, 1.3877049757718396], [33.248138419075076, 1.387278975771551], [33.25177741907851, 1.389833975773854], [33.25402841908067, 1.3946779757784498], [33.250282419077166, 1.4066019757894992], [33.25185741907853, 1.410290975793032], [33.25711441908334, 1.4103299757930472], [33.26445341909039, 1.4067069757895752], [33.25993341908611, 1.40000797578341], [33.25973941908592, 1.3949499757786725], [33.26250041908838, 1.3924419757763644], [33.26868041909415, 1.3913389757751702], [33.292640419116424, 1.3968029757804743], [33.29604341911977, 1.400275975783643], [33.295311419119116, 1.4067059757896914], [33.28857841911281, 1.421135975803054], [33.28945141911345, 1.4268889758084242], [33.293975419117714, 1.4335879758145893], [33.29831341912177, 1.4343089758153837], [33.30611441912902, 1.42999997581137], [33.31206541913457, 1.4291249758105096], [33.32233041914424, 1.4317289758128027], [33.33011241915142, 1.4308669758120232], [33.338138419158895, 1.4272479758087684], [33.33975941916037, 1.4240419758057214], [33.33864241915944, 1.4208169758028362], [33.33091741915223, 1.4143239757966057], [33.32431041914606, 1.4112879757938117], [33.31904941914104, 1.4114779757940141], [33.31237441913481, 1.4180949758001589], [33.30871941913142, 1.417837975800012], [33.301223419124426, 1.411116975793675], [33.303535419126774, 1.4074569757901827], [33.30928041913194, 1.4035919757866395], [33.30913941913195, 1.3914089757754482], [33.311710419134215, 1.383613975768185], [33.317405419139504, 1.3861839757705638], [33.32220841914409, 1.3857599757700427], [33.33255341915378, 1.3773319757622176], [33.33280141915384, 1.374575975759626], [33.32825841914973, 1.3710949757564777], [33.32690841914837, 1.3680969757535877], [33.33202741915329, 1.3554939757418651], [33.33139841915272, 1.3474449757343336], [33.334217419155266, 1.3368939757244789], [33.337646419158546, 1.3371489757248582], [33.34560041916575, 1.3431829757303149], [33.349956419169985, 1.3413769757287355], [33.351368419171195, 1.3358709757235374], [33.34933441916928, 1.3326379757206723], [33.339969419160525, 1.3314209757195385], [33.337707419158505, 1.32841597571678], [33.34306741916339, 1.3139769757033264], [33.34380341916426, 1.3073169756969492], [33.33951141916009, 1.2999309756901312], [33.33492241915587, 1.3026559756926872], [33.32914341915057, 1.3118059757011906], [33.32455841914634, 1.3138409757029876], [33.31404541913639, 1.3137629757029572], [33.30831941913107, 1.3153299757045716], [33.302841419126025, 1.3143699757035847], [33.29625341911992, 1.3085759756982043], [33.28964941911363, 1.3053089756951977], [33.28329841910772, 1.2985969756889517], [33.26373641908958, 1.2858119756770066], [33.26238241908845, 1.2835039756748756], [33.27167841909704, 1.2624299756553228], [33.280860419105466, 1.2569819756502056], [33.28178741910642, 1.254920975648247], [33.28043041910519, 1.253071975646435], [33.26854741909415, 1.2532139756465313], [33.267437419093085, 1.2486089756423553], [33.27067141909606, 1.2438079756377647], [33.27960541910443, 1.2411159756354664], [33.28076941910558, 1.2383669756327436], [33.28010141910477, 1.2353749756300658], [33.27375441909885, 1.228432975623491], [33.274044419099255, 1.220161975615838], [33.26905041909458, 1.2152989756114039], [33.26631141909206, 1.2150489756111256], [33.254322419080836, 1.229437975624478], [33.248836419075815, 1.2298559756247869], [33.24382741907107, 1.2270609756221802], [33.239692419067296, 1.2297879756247312], [33.24216441906947, 1.235780975630405], [33.24167641906911, 1.2401439756345098], [33.23448141906238, 1.2550279756483178], [33.228969419057194, 1.2586639756516433], [33.226875419055204, 1.2637039756564263], [33.228740419056976, 1.2899169756808533], [33.22340441905203, 1.3009079756909614], [33.21648741904551, 1.3086709756983055], [33.21190641904127, 1.31047497569989], [33.19750541902795, 1.310365975699824], [33.183284419014626, 1.3173839757064343], [33.17665041900841, 1.318022975706981], [33.15909541899214, 1.3121449757015853], [33.1605304189934, 1.3036519756935832], [33.15874841899176, 1.297433975687909], [33.15488441898833, 1.2944169756849533], [33.145515418979585, 1.2945759756851203], [33.13999941897441, 1.2986709756889923], [33.13748541897212, 1.2984219756888251], [33.129985418965134, 1.293078975683784], [33.117740418953645, 1.280115975671606], [33.11566941895171, 1.2817089756731548], [33.11171741894805, 1.290870975681628], [33.12936441896454, 1.315136975704263], [33.13134741896624, 1.3248049757132776], [33.12740341896256, 1.3328179757206726], [33.11528441895143, 1.3334159757214366], [33.1118354189482, 1.3359179757237598], [33.10760841894421, 1.3508239757375122], [33.103935418940864, 1.3533239757398405], [33.09982341893692, 1.3528329757393749], [33.09368841893115, 1.347959975734966], [33.08934441892711, 1.3483859757352548], [33.08565141892382, 1.3529539757396378], [33.084217418922435, 1.3616769757477414], [33.08123441891962, 1.3630329757488653], [33.07736541891609, 1.3607049757467848], [33.074325418913304, 1.3698749757552378], [33.06832841890764, 1.3769539757618077], [33.06399141890347, 1.376460975761347], [33.05013641889059, 1.3644029757501812], [33.0462494188871, 1.3648329757506872], [33.03077741887273, 1.3856279757699212], [32.99936341884336, 1.3987149757822408], [32.96765541881382, 1.4203039758021987], [32.95067641879814, 1.4284449758097253], [32.947681418795355, 1.431409975812585], [32.946022418793746, 1.439210975819833], [32.942810418790714, 1.4407949758212908], [32.935485418783855, 1.4410129758216499], [32.926136418775286, 1.4388259758195545], [32.9124184187624, 1.4391769758199189], [32.867778418720945, 1.4477889758279616], [32.861187418714735, 1.4429099758233406], [32.85963441871331, 1.4369209758176567], [32.86127141871475, 1.431877975812995], [32.86471541871788, 1.429835975811102], [32.874557418727136, 1.428304975809624], [32.877559418730016, 1.4244219758061263], [32.870098418723046, 1.4140199757964638], [32.86609241871929, 1.3997379757831823], [32.86223241871562, 1.396489975780014], [32.85880241871246, 1.396921975780515], [32.85417541870811, 1.4040099757871758], [32.84764841870219, 1.4202769758021532], [32.8453594186999, 1.4204889758025274], [32.84379941869861, 1.415419975797704], [32.84988741870416, 1.3966209757802517], [32.86011941871379, 1.374637975759697], [32.89552641874661, 1.347797975734693], [32.89785041874893, 1.3429899757302337], [32.89719741874819, 1.3383889757260476], [32.89010241874166, 1.3399409757273588], [32.88760741873921, 1.337163975724934], [32.89100641874256, 1.3292169757173724]], [[32.88540641873715, 1.3263439757147353], [32.883216418735174, 1.3437939757309323], [32.88138241873344, 1.3444689757316155], [32.87388641872644, 1.3384339757260477], [32.87969241873202, 1.3267589757151654], [32.88372041873572, 1.3236279757122702], [32.88540641873715, 1.3263439757147353]], [[32.750499418611525, 1.448918975828974], [32.74676941860821, 1.4585429758378723], [32.74101641860284, 1.4630929758420734], [32.732547418595004, 1.4641739758430958], [32.717346418580746, 1.4787609758566305], [32.71529741857876, 1.4778249758558104], [32.71441241857792, 1.474139975852495], [32.72985441859237, 1.4581759758375483], [32.74016541860192, 1.4548119758344455], [32.743240418604955, 1.442194975822531], [32.745544418607096, 1.4399149758205567], [32.755390418616116, 1.4376959758185421], [32.78715941864584, 1.4381809758187956], [32.792617418650934, 1.4416729758222573], [32.81661241867323, 1.4425549758229863], [32.83149741868715, 1.4392259758199089], [32.83590741869125, 1.4307559758119623], [32.837749418692965, 1.428931975810201], [32.84209841869688, 1.4285069758097961], [32.85637241871018, 1.444709975824935], [32.862960418716284, 1.4500489758299864], [32.87528241872792, 1.4526749758324513], [32.87640741872883, 1.4552119758347999], [32.875473418728006, 1.45750297583686], [32.8683704187215, 1.4595159758387126], [32.863121418716446, 1.4587839758380596], [32.85675841871057, 1.4539069758334335], [32.84923141870354, 1.4515489758314288], [32.84424641869896, 1.4459929758261296], [32.83580741869105, 1.4436269758239177], [32.82596241868191, 1.4456169758257147], [32.8181424186746, 1.4519909758316771], [32.80442841866193, 1.4514209758312973], [32.794124418652245, 1.4538669758335345], [32.78773841864631, 1.4519769758317125], [32.780410418639576, 1.4532969758329273], [32.772583418632166, 1.4605899758398664], [32.77121741863084, 1.45965897583892], [32.77110641863078, 1.4449479758252437], [32.768829418628684, 1.4435509758238823], [32.764251418624326, 1.4444329758246113], [32.76171841862197, 1.446710975826818], [32.759155418619684, 1.4528959758326891], [32.75551241861626, 1.4512579758311404], [32.7527964186138, 1.4477879758278505], [32.750499418611525, 1.448918975828974]], [[33.12662541896202, 1.34476297573201], [33.130905418965995, 1.3535299757400026], [33.13041341896542, 1.3578929757441074], [33.12310441895875, 1.35760697574392], [33.117637418953564, 1.3545779757409946], [33.114723418950916, 1.347430975734369], [33.11703141895305, 1.344230975731307], [33.12662541896202, 1.34476297573201]], [[33.087551418925614, 1.4957019758724073], [33.089584418927416, 1.4989349758754997], [33.086807418924764, 1.5032809758795338], [33.081092418919525, 1.503006975879316], [33.075401418914225, 1.4999759758763958], [33.08184041892014, 1.4949679758717593], [33.087551418925614, 1.4957019758724073]], [[33.25117441907787, 1.6284219759961616], [33.25275441907934, 1.6309619759983889], [33.251320419077956, 1.6399169760068162], [33.24901541907593, 1.641968976008684], [33.24399141907111, 1.6410119760078032], [33.24081441906833, 1.6382289760051663], [33.24060441906818, 1.6352389760024835], [33.247978419075025, 1.6277079759954631], [33.25117441907787, 1.6284219759961616]]]}}, {"type": "Feature", "properties": {"name": "LAKE OPETA"}, "geometry": {"type": "Polygon", "coordinates": [[[34.162872419927, 1.6839049760476428], [34.17820341994138, 1.6821639760462404], [34.19237541995449, 1.6827129760465596], [34.19719741995891, 1.6795249760436946], [34.20502841996631, 1.6706079760353987], [34.204582419965845, 1.6685369760334652], [34.21358841997426, 1.6538809760197637], [34.22760041998731, 1.6433939760099747], [34.230369419989756, 1.6392739760062796], [34.22583341998552, 1.6334989760007375], [34.2025604199639, 1.6257669759936562], [34.18058041994345, 1.6309149759983939], [34.16091941992522, 1.6305609759981508], [34.15357941991829, 1.6341919760013752], [34.14415341990957, 1.642177976008952], [34.14137241990693, 1.6483669760145858], [34.14270741990822, 1.6538929760197334], [34.150852419915736, 1.6681969760331867], [34.156478419921086, 1.6824859760463369], [34.162872419927, 1.6839049760476428]]]}}, {"type": "Feature", "properties": {"name": ""}, "geometry": {"type": "Polygon", "coordinates": [[[33.43590941925004, 1.3718809757572217], [33.429534419243964, 1.3681569757536636], [33.42152041923646, 1.3701679757555212], [33.4118804192276, 1.3756139757606434], [33.398540419215124, 1.3874679757716422], [33.39690441921357, 1.3922829757761974], [33.40253041921892, 1.4047349757877328], [33.40291241921932, 1.415309975797527], [33.404716419220904, 1.4187709758007259], [33.408363419224315, 1.420405975802396], [33.411110419226816, 1.4197369758016976], [33.41364241922929, 1.4167669757989643], [33.40896641922495, 1.3997249757831014], [33.41428341922983, 1.3910299757749272], [33.428474419243, 1.388834975772852], [33.43745841925147, 1.37878697576366], [33.43794241925184, 1.375112975760203], [33.43590941925004, 1.3718809757572217]]]}}, {"type": "Feature", "properties": {"name": ""}, "geometry": {"type": "Polygon", "coordinates": [[[33.6267544194277, 1.4063349757891501], [33.62314241942431, 1.3998739757832936], [33.61927841942065, 1.396858975780333], [33.611507419413556, 1.396344975780039], [33.60809341941035, 1.3942519757779337], [33.60654441940892, 1.3868869757711764], [33.602695419405336, 1.3818029757665045], [33.59836941940125, 1.3790149757637664], [33.59243441939566, 1.3780539757628958], [33.589912419393386, 1.3794149757641208], [33.58108541938509, 1.3995789757830153], [33.5831264193871, 1.401890975785136], [33.60461841940719, 1.4011229757843466], [33.608036419410155, 1.4027559757860217], [33.6152724194169, 1.413838975796125], [33.61847741942006, 1.4136319757960791], [33.62467241942568, 1.4099979757927485], [33.6267544194277, 1.4063349757891501]]]}}, {"type": "Feature", "properties": {"name": ""}, "geometry": {"type": "Polygon", "coordinates": [[[33.4589194192713, 1.3821589757667425], [33.45528041926809, 1.3796049757643232], [33.44750941926077, 1.379778975764566], [33.44406141925765, 1.3825119757671018], [33.43844641925239, 1.4008579757842199], [33.440227419253915, 1.4075359757903243], [33.44295141925659, 1.4100839757927588], [33.44569741925898, 1.4094149757920604], [33.451244419264185, 1.4007209757839973], [33.458610419271054, 1.3938789757776249], [33.45979641927215, 1.387681975771784], [33.4589194192713, 1.3821589757667425]]]}}, {"type": "Feature", "properties": {"name": "LAKE ADOIS"}, "geometry": {"type": "Polygon", "coordinates": [[[33.569187419373975, 1.368236975753689], [33.57627841938074, 1.3675979757531422], [33.59268141939606, 1.3752979757603043], [33.59634741939931, 1.3739439757591754], [33.59662641939963, 1.3668209757524892], [33.59505441939814, 1.3626729757486373], [33.58463641938852, 1.3490399757358773], [33.57418441937875, 1.3400029757274297], [33.567344419372375, 1.3374269757250659], [33.5563814193622, 1.3364299757240587], [33.551342419357525, 1.3377729757253292], [33.54533741935188, 1.3469239757339437], [33.52865641933636, 1.346344975733473], [33.52378441933183, 1.3568829757432468], [33.52646241933439, 1.366094975751821], [33.530979419338564, 1.3734819757587502], [33.5353204193425, 1.373742975758887], [33.54384241935054, 1.3646099757504544], [33.547962419354235, 1.3637199757495182], [33.55115141935721, 1.3655809757512998], [33.5556604193614, 1.3745769757597373], [33.55793341936351, 1.3759719757608764], [33.56136741936689, 1.375535975760613], [33.569187419373975, 1.368236975753689]]]}}, {"type": "Feature", "properties": {"name": "LAKE NYAGUO"}, "geometry": {"type": "Polygon", "coordinates": [[[33.75296041954516, 1.3676769757532838], [33.750515419543035, 1.357546975743844], [33.75236841954461, 1.3534229757399316], [33.75969341955147, 1.3520939757386259], [33.76042141955213, 1.3456639757328048], [33.747902419540424, 1.3382239757258958], [33.74861541954124, 1.3340919757220036], [33.74726841953998, 1.3304049757184657], [33.74247341953537, 1.3299129757181163], [33.737407419530655, 1.3353939757232638], [33.73260141952619, 1.3360499757238813], [33.72735241952137, 1.3348649757226667], [33.708221419503616, 1.325310975713819], [33.69906641949501, 1.3268559757152616], [33.690174419486766, 1.3238069757123867], [33.68325841948035, 1.33249297572047], [33.693187419489504, 1.3511769757378715], [33.6922454194887, 1.3553079757416526], [33.685604419482615, 1.3573299757435962], [33.683513419480505, 1.3621419757480453], [33.68553541948245, 1.3672119757527526], [33.69031941948697, 1.3697739757551517], [33.69854341949463, 1.370289975755668], [33.70427341949994, 1.3682609757538557], [33.71598441951073, 1.360067975746233], [33.72444541951859, 1.3596669757457676], [33.72900441952288, 1.3615369757474127], [33.74216841953512, 1.3749569757599147], [33.74582241953863, 1.3754419757603955], [33.75296041954516, 1.3676769757532838]]]}}, {"type": "Feature", "properties": {"name": "LAKE NAMASAJERI"}, "geometry": {"type": "Polygon", "coordinates": [[[33.41421141922979, 1.337478975725162], [33.402149419218404, 1.3302659757184756], [33.39639241921304, 1.3361999757239573], [33.38655841920399, 1.3370479757247722], [33.382698419200324, 1.3331119757210672], [33.37859341919648, 1.3321629757201663], [33.37399641919228, 1.3355769757233702], [33.37191041919027, 1.3399289757273891], [33.37234141919066, 1.343608975730831], [33.383586419201265, 1.368971975754448], [33.38995741920712, 1.3729259757581076], [33.40161141921794, 1.3734709757586643], [33.40688741922304, 1.3707509757562093], [33.415348419230895, 1.3703519757557387], [33.41696541923238, 1.3678359757534508], [33.40762341922368, 1.3638609757497306], [33.40264841921908, 1.356240975742594], [33.4049604192212, 1.352349975738889], [33.41364641922928, 1.3521839757388534], [33.41827741923362, 1.343713975730907], [33.41421141922979, 1.337478975725162]]]}}, {"type": "Feature", "properties": {"name": "LAKE NYASALA"}, "geometry": {"type": "Polygon", "coordinates": [[[33.65668441945559, 1.3079459756975211], [33.64142241944137, 1.3004859756906626], [33.63277841943341, 1.2944499756849837], [33.61316341941506, 1.289026975679917], [33.604469419406996, 1.2898849756807067], [33.60076541940339, 1.2967539756871247], [33.60143241940409, 1.299515975689701], [33.59981141940261, 1.302721975692748], [33.59479141939801, 1.3015379756916445], [33.576591419380975, 1.2896889756805194], [33.57156341937639, 1.2896529756806103], [33.56671141937181, 1.29674397568715], [33.56389241936904, 1.3079849756975364], [33.564285419369526, 1.3171799757062672], [33.568576419373585, 1.324564975712974], [33.57857541938279, 1.3331389757211127], [33.58405341938783, 1.334326975722206], [33.58864241939227, 1.3316009757195388], [33.59686641939993, 1.33211897572005], [33.598281419401246, 1.3254639757140012], [33.5944514193975, 1.3173929757062979], [33.59607341939909, 1.3144169757035797], [33.60111641940375, 1.3121539757014489], [33.60343941940596, 1.3068849756966756], [33.607097419409456, 1.3064509756961797], [33.61028241941244, 1.3090009756986092], [33.62403441942524, 1.3364469757241295], [33.63636041943664, 1.3386009757261945], [33.64136141944141, 1.3427729757299858], [33.64701441944658, 1.3517759757385193], [33.6518864194511, 1.3410079757284166], [33.65102341945021, 1.3338769757217506], [33.65312541945218, 1.3269969757152467], [33.65795141945682, 1.3231239757117237], [33.675556419473196, 1.3223269757108937], [33.67649041947402, 1.3195759757084033], [33.67536541947288, 1.3168099757058371], [33.668090419466125, 1.3110139757004617], [33.66125441945974, 1.3079779756976677], [33.65668441945559, 1.3079459756975211]]]}}, {"type": "Feature", "properties": {"name": "LAKE KADIKO"}, "geometry": {"type": "Polygon", "coordinates": [[[33.53858141934552, 1.3326259757207026], [33.54570341935232, 1.3271609757155147], [33.55004141935615, 1.327880975716198], [33.552795419358745, 1.3262919757146392], [33.55398141935984, 1.3200949757090257], [33.55264641935878, 1.3147999757040907], [33.54674141935311, 1.3092419756987965], [33.54376941935038, 1.309680975699166], [33.54007341934698, 1.3153999757046222], [33.5375554193447, 1.315611975704769], [33.53165441933902, 1.310053975699475], [33.52639741933422, 1.3097869756993532], [33.51091041931977, 1.302092975692176], [33.50199941931146, 1.30156897569168], [33.494216419304166, 1.3035819756935325], [33.49167641930194, 1.3072409756969137], [33.49302241930309, 1.3104679757000213], [33.515564419324164, 1.3228099757113796], [33.519683419327976, 1.3219199757106708], [33.526123419334, 1.3164499757056092], [33.52959441933717, 1.3162799757053563], [33.530860419338296, 1.3249869757135002], [33.52468141933264, 1.3265519757148923], [33.52304841933119, 1.3313669757194475], [33.5253144193332, 1.3341409757219935], [33.53858141934552, 1.3326259757207026]]]}}, {"type": "Feature", "properties": {"name": "VICTORIA NILE"}, "geometry": {"type": "Polygon", "coordinates": [[[32.883003418734916, 1.3192929757080947], [32.89100641874256, 1.3292169757173724], [32.898780418749766, 1.3110519757005932], [32.907554418757854, 1.2998599756899694], [32.91270841876258, 1.2833529756746884], [32.91618741876596, 1.2771749756689132], [32.93972041878783, 1.2481739756419756], [32.941600418789676, 1.2415239756358005], [32.94311941879096, 1.2222319756178877], [32.949566418797076, 1.2160779756120519], [32.959396418806136, 1.2154649756114395], [32.96560641881206, 1.2102289756066966], [32.96957041881569, 1.2001479755972468], [32.969497418815536, 1.1794659755778412], [32.9755894188213, 1.1602099755600648], [32.97586841882162, 1.1535489755538038], [32.97011141881626, 1.1296049755314925], [32.965850418812124, 1.1187719755214403], [32.94552241879319, 1.0880519754928173], [32.94374441879154, 1.0813739754864855], [32.94450341879224, 1.0721889754779568], [32.94891341879634, 1.0632629754697973], [32.95012241879749, 1.0545409754615775], [32.94620541879385, 1.0290049754378288], [32.956283418803196, 0.9959979754071355], [32.958435418805266, 0.9537399753676254], [32.96124241880784, 0.9452609753598153], [32.97200741881784, 0.9416689753563787], [32.97523141882084, 0.9380179753529774], [32.9745904188203, 0.9322699753477082], [32.97671941882231, 0.9228659753389366], [32.98182341882716, 0.9125679753294662], [32.99656641884076, 0.8963709753143121], [33.006511418850096, 0.8805959752996841], [33.01376741885679, 0.8574489752779755], [33.03760541887891, 0.816971975240449], [33.042087418883284, 0.7981689752227794], [33.047191418887905, 0.7876419752130914], [33.05548441889573, 0.748194975176375], [33.05266941889295, 0.7274999751571158], [33.05570241889586, 0.7190249751490683], [33.05622441889636, 0.7102999751409698], [33.05394341889428, 0.710282975140899], [33.04956441889021, 0.7155319751459501], [33.047630418888275, 0.7295279751588168], [33.04959841889013, 0.7407989751693549], [33.048324418889024, 0.7587069751859872], [33.04218341888327, 0.7853059752108038], [33.03454941887617, 0.7978819752224808], [33.02934241887124, 0.8221919752452322], [33.02493641886713, 0.8306569752530777], [33.0058024188495, 0.8537119752745639], [33.00339941884704, 0.8693149752891713], [32.99805841884222, 0.8805299752996234], [32.97756941882312, 0.9015069753190801], [32.97248041881835, 0.9097379753268342], [32.965477418811815, 0.9289819753446409], [32.956024418803054, 0.940624975355604], [32.94972641879713, 0.9869859753987384], [32.94487341879267, 0.9940709754052932], [32.94842541879598, 1.0076549754178359], [32.94004041878816, 1.0282679754370747], [32.94379441879164, 1.0452999754529628], [32.942951418790926, 1.0659729754722775], [32.935054418783466, 1.082454975487508], [32.93727841878558, 1.0902849754947965], [32.95788241880473, 1.1152629755181351], [32.96035741880701, 1.1201079755226147], [32.96454241881088, 1.140591975541838], [32.9697034188157, 1.1525809755528371], [32.96561841881203, 1.1792059755778155], [32.96616341881236, 1.197363975594726], [32.963588418810104, 1.205156975601767], [32.959674418806344, 1.2088039756051785], [32.95464741880164, 1.208993975605381], [32.95307141880039, 1.2059939756027234], [32.957531418804365, 1.1906329755884144], [32.953655418800736, 1.189452975587301], [32.948810418796256, 1.1953899755928887], [32.938347418786634, 1.2189779756147345], [32.935436418783866, 1.240556975634945], [32.92917241877808, 1.252916975646258], [32.91628641876605, 1.264306975657064], [32.905342418755936, 1.2901899756809598], [32.883003418734916, 1.3192929757080947]]]}}, {"type": "Feature", "properties": {"name": "LAKE GIGATI"}, "geometry": {"type": "Polygon", "coordinates": [[[33.56754641937255, 1.2753769756673137], [33.56528441937053, 1.2719129756640086], [33.56002841936561, 1.2721059756643172], [33.54917941935537, 1.2874269756784997], [33.53176841933919, 1.2935079756841787], [33.52648941933421, 1.2964579756869625], [33.52578741933371, 1.2992109756894479], [33.53169641933914, 1.3038489756938816], [33.54951841935576, 1.3044359756943322], [33.55596941936187, 1.2971269756874335], [33.55878041936444, 1.287264975678454], [33.56613941937121, 1.2804219756719704], [33.56754641937255, 1.2753769756673137]]]}}, {"type": "Feature", "properties": {"name": "LAKE NAWAMPASA"}, "geometry": {"type": "Polygon", "coordinates": [[[33.377529419195525, 1.257233975650479], [33.37255841919091, 1.2491549756427958], [33.36866741918743, 1.2502759756439445], [33.358287419177714, 1.263298975655971], [33.352317419172095, 1.2671619756595192], [33.351833419171726, 1.2710649756631938], [33.35519441917472, 1.2807419756722993], [33.3500904191701, 1.2912759756820833], [33.35165441917138, 1.2958839756863654], [33.35416041917392, 1.297050975687398], [33.360111419179475, 1.2961759756865376], [33.36470041918369, 1.2932219756839913], [33.36610441918492, 1.2886359756796537], [33.365268419184076, 1.277827975669652], [33.37681241919495, 1.2615959756544726], [33.377529419195525, 1.257233975650479]]]}}, {"type": "Feature", "properties": {"name": "LAKE NAKUWA"}, "geometry": {"type": "Polygon", "coordinates": [[[33.454357419267126, 1.2518169756453972], [33.457790419270395, 1.2509219756445873], [33.463485419275685, 1.2534919756469662], [33.466663419278575, 1.2567309756498162], [33.47071441928233, 1.265493975658046], [33.47346141928483, 1.264823975657464], [33.47877141928984, 1.2575079756506966], [33.490016419300446, 1.2506939756442534], [33.49945441930913, 1.2411099756352542], [33.50017141930971, 1.2362889756309414], [33.49861141930842, 1.2309919756260115], [33.49067341930095, 1.2222029756178472], [33.49115341930133, 1.2189889756148204], [33.509918419318865, 1.2152169756111562], [33.50994141931892, 1.2119989756081395], [33.504276419313555, 1.205064975601772], [33.49858841930836, 1.2013479755983099], [33.49703641930682, 1.1951319755926306], [33.49889041930851, 1.191008975588602], [33.503250419312735, 1.1885119755863798], [33.50396741931331, 1.18415097558227], [33.49833641930809, 1.1721609755711597], [33.49882541930856, 1.1680279755673837], [33.502765419312254, 1.1597839755595487], [33.509647419318526, 1.1561569755563141], [33.51058541931957, 1.1529459755531661], [33.50191441931133, 1.150815975551268], [33.490463419300795, 1.1548699755551297], [33.48865941929898, 1.1514109755519257], [33.49235541930261, 1.145462975546252], [33.49260741930266, 1.1420179755430127], [33.49125641930141, 1.1392499755404515], [33.484878419295455, 1.136446975537865], [33.4823954192932, 1.1322929755340283], [33.48155941929258, 1.1207979755233737], [33.47226741928375, 1.11039097551361], [33.47811841928933, 1.0904419754949686], [33.4763224192875, 1.0860629754909041], [33.46946741928127, 1.0862429754911318], [33.46510741927705, 1.0889699754936828], [33.45610841926873, 1.1010829755050509], [33.457416419269975, 1.1102839755135392], [33.447597419260774, 1.109293975512628], [33.44501441925854, 1.1186959755214048], [33.447261419260485, 1.1239979755262084], [33.45885441927135, 1.1330429755346358], [33.46107441927347, 1.1420209755431188], [33.45415841926706, 1.1504729755508833], [33.46094141927324, 1.161092975560905], [33.45975841927225, 1.1665989755658757], [33.460861419273215, 1.172351975571246], [33.46426441927633, 1.1755939755744294], [33.473381419284806, 1.179335975577942], [33.47606641928746, 1.1869379755848968], [33.47463941928595, 1.19520097559257], [33.47872541928973, 1.1989069755959463], [33.48029741929122, 1.2030549756000255], [33.47889741928998, 1.206950975603604], [33.46370341927582, 1.2229279756184042], [33.45750841926997, 1.2261009756214207], [33.44448041925784, 1.226236975621532], [33.4403834192542, 1.224138975619553], [33.43133141924568, 1.2116639756079621], [33.42699841924173, 1.2102539756065198], [33.4246784192394, 1.215292975611419], [33.431694419246014, 1.224995975620459], [33.4307514192451, 1.2288949756239163], [33.42526241923997, 1.2293149756244475], [33.419368419234615, 1.2226079756180752], [33.41594641923143, 1.2218939756173768], [33.41316941922878, 1.2269299756221699], [33.41515741923058, 1.2365959756311895], [33.42935941924384, 1.2642759756570285], [33.428154419242674, 1.2727699756649145], [33.42950041924405, 1.276456975668225], [33.441082419254826, 1.286881975677943], [33.44406541925764, 1.2852949756766066], [33.447315419260576, 1.2779649756696472], [33.462207419274364, 1.2730159756649755], [33.46382141927597, 1.2704999756626876], [33.46269941927494, 1.2677339756601214], [33.454525419267384, 1.2603209756532578], [33.45250741926543, 1.2550209756482218], [33.454357419267126, 1.2518169756453972]]]}}, {"type": "Feature", "properties": {"name": ""}, "geometry": {"type": "Polygon", "coordinates": [[[32.808212418665335, 1.2395819756338824], [32.80450041866197, 1.2390599756333813], [32.793483418651704, 1.2449459756389842], [32.79093941864926, 1.2488329756424719], [32.79653941865445, 1.2631259756558393], [32.79420841865226, 1.2690819756614928], [32.79463241865278, 1.2732219756653649], [32.798496418656214, 1.2760109756677593], [32.804714418662115, 1.2698559756620398], [32.80988641866702, 1.2512829756449264], [32.808212418665335, 1.2395819756338824]]]}}, {"type": "Feature", "properties": {"name": "LAKE NABIGAGA"}, "geometry": {"type": "Polygon", "coordinates": [[[33.03976841888107, 1.2245929756199985], [33.0363804188778, 1.2192809756149927], [33.02266641886513, 1.2198649756155646], [33.013092418856104, 1.2165729756125074], [33.01102441885428, 1.2179359756137274], [33.00165941884552, 1.2174029756133677], [32.99935141884339, 1.220372975616101], [32.999321418843465, 1.2242799756197655], [33.002922418846765, 1.2318909756268113], [33.00814441885154, 1.236297975630805], [33.016575418859475, 1.2395809756339986], [33.03237941887414, 1.2348769756295042], [33.03720841887866, 1.2307779756256423], [33.03976841888107, 1.2245929756199985]]]}}, {"type": "Feature", "properties": {"name": "LAKE LEMWA"}, "geometry": {"type": "Polygon", "coordinates": [[[33.70653541950196, 1.1350199755365793], [33.71808241951271, 1.1174059755201142], [33.71329541950831, 1.115533975518474], [33.7080304195033, 1.1166469755194157], [33.69546841949159, 1.1158709755186464], [33.690872419487505, 1.1202049755227108], [33.687442419484114, 1.1204109755228728], [33.68380341948091, 1.1178579755205647], [33.6813354194785, 1.1109479755141365], [33.67768141947522, 1.1106919755138733], [33.672180419469896, 1.1134119755163283], [33.667396419465604, 1.1113099755145868], [33.663959419462344, 1.112434975515498], [33.66048841945917, 1.1193049755220272], [33.663631419462035, 1.1271389755293058], [33.67409141947178, 1.135024975536453], [33.680019419477276, 1.1366739755380877], [33.69441241949062, 1.1370039755383914], [33.70653541950196, 1.1350199755365793]]]}}, {"type": "Feature", "properties": {"name": ""}, "geometry": {"type": "Polygon", "coordinates": [[[33.10181441893883, 0.53930897498185], [33.09770941893498, 0.5385889749811668], [33.09381841893128, 0.5401669749826397], [33.08565541892381, 0.547903974989822], [33.078830418917505, 0.5595729750007195], [33.065357418904796, 0.5900149750289074], [33.05522141889537, 0.6014209750396731], [33.05582441889601, 0.6124499750499126], [33.05881141889881, 0.6101759750476958], [33.06737941890674, 0.594394975033083], [33.080715418919226, 0.5820949750216187], [33.08520541892335, 0.561688975002653], [33.0898324189277, 0.5536859749952328], [33.09809541893537, 0.5482379749901156], [33.10181441893883, 0.53930897498185]]]}}, {"type": "Feature", "properties": {"name": "LAKE VICTORIA"}, "geometry": {"type": "Polygon", "coordinates": [[[34.00834241978305, 0.23662797469978614], [34.00834241978305, 0.23332897469686031], [33.98334541975987, 0.23332897469686031], [33.98334541975987, 0.22499497468902518], [33.96667841974431, 0.22499497468902518], [33.96667841974431, 0.18332897465029419], [33.95834341973659, 0.18332897465029419], [33.95834341973659, 0.1666619746347351], [33.950012419728864, 0.1666619746347351], [33.950012419728864, 0.15832897462701112], [33.94167741972092, 0.15832897462701112], [33.94167741972092, 0.149994974619176], [33.933345419713305, 0.149994974619176], [33.933345419713305, 0.13332897460372806], [33.92501041970536, 0.13332897460372806], [33.92501041970536, 0.12499497459589293], [33.91667941969763, 0.12499497459589293], [33.91667941969763, 0.11666197458816896], [33.90834441968991, 0.11666197458816896], [33.90834441968991, 0.08332897455716193], [33.91667941969763, 0.08332897455716193], [33.91667941969763, 0.049994974526043734], [33.92501041970536, 0.049994974526043734], [33.92501041970536, 0.016661974495036702], [33.933345419713305, 0.016661974495036702], [33.933345419713305, -2.5520421331748366e-08], [32.80227641865986, -2.5520421331748366e-08], [32.80844541866554, 0.010558974489413231], [32.81636041867296, 0.019572974497805262], [32.82408541868017, 0.023536974501439545], [32.82634741868219, 0.026538974504319413], [32.826095418681916, 0.0292909745066936], [32.823574418679755, 0.030877974508257466], [32.8210794186773, 0.028791974506248152], [32.81531541867207, 0.03632097451327354], [32.81119541866815, 0.03789397451487275], [32.81047841866757, 0.04179097451833513], [32.81203841866886, 0.04662297452296116], [32.801971418659605, 0.04998597452595277], [32.80155941865928, 0.04447397452099722], [32.804332418661716, 0.03990497451673036], [32.80141041865909, 0.03414397451138029], [32.79889341865669, 0.03504097451218513], [32.798168418655905, 0.040314974517059454], [32.794502418652655, 0.042121974518749994], [32.79018741864866, 0.03933297451612816], [32.783107418641976, 0.040423974517125316], [32.78202841864095, 0.032380974509578664], [32.77793841863718, 0.03005297450749822], [32.77613841863558, 0.027054974504608253], [32.779621418638726, 0.019508974497739473], [32.778278418637456, 0.01628397449462682], [32.76914641862891, 0.016669974495016504], [32.76733441862734, 0.01504897449353848], [32.767055418627024, -2.5520421331748366e-08], [32.43469241831758, -2.5520421331748366e-08], [32.4438244183259, 0.005951974485014944], [32.43167841831473, 0.012505974491205052], [32.42825741831143, 0.012017974490618144], [32.4260064183095, 0.008325974487206622], [32.430255418313436, -2.5520421331748366e-08], [32.37587741826269, -2.5520421331748366e-08], [32.37851341826513, 0.011824974490536988], [32.38463641827093, 0.016466974494733222], [32.385044418271264, 0.022437974500462587], [32.38015741826666, 0.033413974510722255], [32.38326641826961, 0.043539974519944735], [32.38243841826875, 0.060747974536070615], [32.38033641826678, 0.0664689745412943], [32.371845418259, 0.07236397454698817], [32.371124418258205, 0.0764899745506682], [32.37307341826022, 0.08890197456230453], [32.37989441826653, 0.09217397456541221], [32.39791141828323, 0.09347497456656129], [32.401363418286564, 0.09006097456335738], [32.40207241828716, 0.08708297456064429], [32.39806741828329, 0.07511297454948362], [32.39923041828456, 0.07213897454676044], [32.40967541829423, 0.07865397455270795], [32.41719841830127, 0.07963597455363924], [32.422863418306406, 0.08450497455828554], [32.43678241831935, 0.08485197455843263], [32.44062041832308, 0.08970497456311932], [32.44419441832633, 0.099146974571795], [32.44724641832909, 0.11638897458783504], [32.45242641833397, 0.12446697459540701], [32.45721841833847, 0.12496697459596362], [32.464130418344894, 0.11676097458826007], [32.46490441834567, 0.10620797457841036], [32.46269241834352, 0.09769597457056989], [32.45592841833718, 0.08753897456108461], [32.44279441832509, 0.07503297454945823], [32.42810841831147, 0.057463974532993234], [32.41558041829967, 0.05460297453032581], [32.4129564182972, 0.051467974527440674], [32.42901241831214, 0.031074974508328523], [32.43836941832092, 0.031153974508470128], [32.44436641832658, 0.023400974501328164], [32.44893241833074, 0.02297997450091316], [32.45299941833446, 0.027834974505367427], [32.4552114183366, 0.03634597451332411], [32.462928418343836, 0.04168997451824907], [32.47206141835227, 0.041078974517859024], [32.47700141835685, 0.050760974526838254], [32.48199441836164, 0.054015974529875166], [32.48377241836329, 0.05999897453534686], [32.482772418362174, 0.0700899745447714], [32.48683141836614, 0.0760919745503088], [32.48719441836647, 0.08780197456121641], [32.49014241836903, 0.08966297456299799], [32.501415418379565, 0.07896897455293583], [32.50561541838351, 0.06775697454258989], [32.50706441838497, 0.05812797453359053], [32.51028441838798, 0.05494197453072047], [32.525371418401846, 0.05185497452771415], [32.53098641840711, 0.06268997453776137], [32.52512341840179, 0.08215197455592715], [32.52691641840329, 0.08606897455956641], [32.531703418407915, 0.08656797456001186], [32.53446541841049, 0.08383597455758718], [32.53680041841267, 0.077657974551812], [32.54618441842126, 0.07429297454859807], [32.54980441842463, 0.0779959745520955], [32.55324541842788, 0.07572897454997474], [32.551006418425914, 0.07043097454516101], [32.56042441843465, 0.06316397453838363], [32.56206141843609, 0.05812797453359053], [32.55419941842888, 0.04268397451915007], [32.55490841842948, 0.03993497451665462], [32.568096418441655, 0.04555397452190846], [32.5756224184488, 0.04630497452262716], [32.577659418450594, 0.04815797452442894], [32.57828941845128, 0.05527897453089281], [32.569362418443006, 0.05841797453399522], [32.565448418439246, 0.06251697453762972], [32.56348441843738, 0.079486974553447], [32.558582418432934, 0.0929889745661967], [32.55282241842747, 0.09959797457213426], [32.54928941842422, 0.11288297458463603], [32.55063641842548, 0.11587797458741989], [32.55699941843136, 0.1191449745904265], [32.56573841843965, 0.11095397458279876], [32.5708354184444, 0.10158397457416868], [32.575859418449, 0.10116697457374357], [32.58313741845586, 0.1042109745765174], [32.58430141845679, 0.10146597457401185], [32.579109418451935, 0.09453697456751797], [32.58004741845298, 0.09133097456447103], [32.584377418456825, 0.09205597456525538], [32.59114841846326, 0.10129397457376399], [32.59067141846276, 0.10381497457615296], [32.58378941845626, 0.1083489745803945], [32.57541641844864, 0.12756197459839314], [32.581741418454385, 0.13587797460604634], [32.598865418470496, 0.13487197460517564], [32.60135241847274, 0.13787697460793424], [32.60087941847223, 0.13993897460977678], [32.59078241846282, 0.1465129746159164], [32.585704418458135, 0.15358697462261262], [32.58290041845544, 0.16136897462979505], [32.58255741845528, 0.17559897464298047], [32.57217041844547, 0.18997597465636318], [32.57121641844469, 0.1947889746609235], [32.57322741844655, 0.2005449746661725], [32.57731641845044, 0.20287497466847526], [32.58191641845451, 0.19855097466438565], [32.58897441846125, 0.20044597466608138], [32.59127041846341, 0.19908797466496253], [32.59315141846514, 0.19221597465843843], [32.5965764184682, 0.19201497465837747], [32.602462418473806, 0.1980319746639907], [32.60421341847541, 0.2069999746722715], [32.60877641847969, 0.207496974672722], [32.61636741848679, 0.20021297466587384], [32.62135341849125, 0.20438597466977626], [32.6260374184958, 0.2179699746825463], [32.62435941849412, 0.2278279746917633], [32.62635841849601, 0.2347319746982066], [32.639011418507835, 0.25113697471329033], [32.64123541850995, 0.2580429747197286], [32.63932041850808, 0.26927697473024637], [32.640411418509075, 0.27525497473584437], [32.64469541851304, 0.2821779747423534], [32.647815418516075, 0.2913879747509327], [32.6514514185194, 0.29348397475291677], [32.66176641852894, 0.2882879747480729], [32.66358141853061, 0.28967997474933327], [32.663780418530905, 0.2931259747524564], [32.66075541852797, 0.3004479747592086], [32.66141841852868, 0.3029789747615723], [32.664375418531336, 0.30461097476313626], [32.66621041853318, 0.30347797476201777], [32.66906341853587, 0.2892659747487869], [32.67433541854075, 0.28655297474642794], [32.67551041854176, 0.28242997474262665], [32.67057041853718, 0.27182897473267076], [32.66639341853329, 0.25227997471438357], [32.66299441853016, 0.24903797471142752], [32.65252641852044, 0.24504897470774267], [32.65118041851906, 0.24205297470484766], [32.65327441852105, 0.23701897470027689], [32.647605418515695, 0.23261097469617198], [32.64741541851572, 0.22801797469173835], [32.65134841851932, 0.22139197468573002], [32.655021418522665, 0.21866697468317398], [32.65844741852584, 0.21846597468288564], [32.66433741853143, 0.2240239746881798], [32.66941441853601, 0.216718974681271], [32.67396141854033, 0.2190519746834525], [32.67186341853835, 0.22477397468878735], [32.6802364185462, 0.23379597469715918], [32.6866794185521, 0.22696097469088272], [32.686943418552346, 0.22283097468698543], [32.682907418548666, 0.21384397467863892], [32.68316241854882, 0.2104029746753895], [32.67955741854553, 0.2044039746699582], [32.67456441854097, 0.20114997466680506], [32.67072641853724, 0.19537897466148024], [32.660720418527944, 0.19116497465756765], [32.65777541852526, 0.18838597465492057], [32.656261418523854, 0.17804297464522278], [32.65312541852086, 0.17044097463826802], [32.66204441852915, 0.16844797463636496], [32.67008241853682, 0.16231597463070102], [32.6732714185398, 0.16302997463139945], [32.6753044185416, 0.16580197463395052], [32.67617441854236, 0.1710889746389057], [32.68309041854877, 0.16242197463066077], [32.69719741856193, 0.16781697463579803], [32.69921141856389, 0.17265397464029775], [32.69848241856312, 0.17815797464550087], [32.700046418564625, 0.18276197464979305], [32.71350441857726, 0.1837899746506082], [32.71668241858015, 0.18588197465260237], [32.718368418581804, 0.20357197466910293], [32.722232418585236, 0.20543997467075314], [32.729549418592114, 0.20366297466921424], [32.733257418595485, 0.19657597466266452], [32.733570418595946, 0.18601797465271375], [32.73633241859852, 0.18328597465028906], [32.74548341860691, 0.1803759746474043], [32.748249418609475, 0.17695397464422058], [32.73643841859848, 0.1697419746376454], [32.729217418591816, 0.15935297462783637], [32.72397941858685, 0.15770397462642904], [32.72081741858392, 0.1540049746229215], [32.71747241858088, 0.14387797461358787], [32.71453141857819, 0.14063997461039435], [32.708850418572865, 0.13760997460758517], [32.68944141855468, 0.1388289746087139], [32.682003418547765, 0.127289974597943], [32.67562841854192, 0.12517297459612564], [32.67128341853777, 0.12605497459685466], [32.66759441853446, 0.13084597460124314], [32.66326541853027, 0.13012197460056996], [32.65987741852723, 0.12550297459642934], [32.65553641852307, 0.1259259745968393], [32.650989418518975, 0.12382297459475922], [32.649646418517705, 0.12059797459187394], [32.652862418520726, 0.11809997458954058], [32.65924041852668, 0.11952897459082124], [32.6624064185296, 0.12299797459399997], [32.670448418537035, 0.11640697458778959], [32.67185941853836, 0.11136797458311776], [32.66627541853313, 0.09617297456907181], [32.661529418528744, 0.09016597456343334], [32.66223541852946, 0.08787597456125695], [32.669971418536534, 0.09046397456381783], [32.67584941854216, 0.09739897457029656], [32.68064141854666, 0.09766697457052942], [32.6830334185488, 0.08414397455794642], [32.68733241855284, 0.08876897456207189], [32.69067341855589, 0.0988969745715167], [32.69340141855855, 0.10029597457287309], [32.694347418559346, 0.09617197456896065], [32.69940941856407, 0.09093397456422281], [32.7019114185664, 0.09164297456482018], [32.705310418569525, 0.09488397456789244], [32.70431141856852, 0.10566497457784862], [32.71324541857689, 0.10160497457422935], [32.7157514185792, 0.10231397457482672], [32.71568641857925, 0.1103479745822824], [32.72597541858886, 0.10813597458013646], [32.7284664185911, 0.11022197458214578], [32.73113241859369, 0.11942597459074022], [32.73295241859523, 0.12012897459135274], [32.7354814185976, 0.1180839745893536], [32.73758741859956, 0.11144397458338062], [32.74489241860647, 0.11127297458301655], [32.753189418614056, 0.12970497460037222], [32.755226418616076, 0.13178697460216426], [32.75978441862026, 0.13274197460305004], [32.75937641861992, 0.12654097459744662], [32.76514041862515, 0.11924097459063887], [32.767429418627444, 0.11834197458961171], [32.776077418635396, 0.1213949745924765], [32.7801554186392, 0.11668697458821953], [32.789127418647695, 0.11622097458780445], [32.790062418648404, 0.11324397458497515], [32.785316418644015, 0.10746697457966548], [32.79217141865047, 0.10614497457845573], [32.793968418652184, 0.11029097458231263], [32.793590418651775, 0.12911097459982557], [32.791931418650165, 0.13690297460698275], [32.793258418651476, 0.14219297461181668], [32.79711541865504, 0.14497897461455977], [32.7996484186574, 0.14224497461191277], [32.80421841866155, 0.1418219746115028], [32.80624041866349, 0.1455109746150356], [32.805469418662824, 0.15675397462541696], [32.807289418664595, 0.15745697462602948], [32.8151514186718, 0.14443497461411425], [32.822937418678976, 0.14128297461115835], [32.829269418685044, 0.14844997461773346], [32.83381641868914, 0.1507819746198038], [32.841350418696265, 0.15061197461977827], [32.85330241870747, 0.13968897460949847], [32.86039341871401, 0.13767897460775202], [32.860748418714365, 0.15076697461995536], [32.85982941871339, 0.15167797462072485], [32.855976418709815, 0.14797397461734363], [32.85230641870635, 0.15046997461968203], [32.85020841870437, 0.15596297462479924], [32.85469841870872, 0.1656399746336774], [32.85025741870459, 0.17891997464607812], [32.85137541870563, 0.18214297464919582], [32.85343141870749, 0.181699974648609], [32.85851641871227, 0.17347597464095088], [32.86196141871551, 0.17097797463861752], [32.865848418719, 0.17008997463790365], [32.87061341872345, 0.17357197464116325], [32.87350441872627, 0.18346597465028935], [32.87518341872783, 0.20207497466776658], [32.88389241873574, 0.1975519746633836], [32.8932574187445, 0.196707974662786], [32.89418741874533, 0.1946489746608222], [32.88624941873809, 0.18792897465459646], [32.88399841873593, 0.18377897465074966], [32.885623418737396, 0.1805779746475764], [32.889507418741005, 0.17991997464696396], [32.90044441875125, 0.18253097464958046], [32.902763418753466, 0.17772897464510606], [32.90187441875264, 0.17473697464220095], [32.89278741874409, 0.16915597463707854], [32.88242341873456, 0.15185697462084136], [32.88523141873702, 0.1426969746123632], [32.89004941874168, 0.13974997460968552], [32.90143541875227, 0.14259497461239334], [32.90441141875499, 0.14147097461113844], [32.90511741875571, 0.13895097460886063], [32.90287441875353, 0.13411297460447713], [32.89650741874766, 0.13084897460134925], [32.8878134187396, 0.13376397460410772], [32.88462041873663, 0.1332799746035107], [32.87829541873066, 0.12473597459575103], [32.876983418729424, 0.11760997458895872], [32.87932241873159, 0.11028297458210545], [32.88341141873548, 0.11238097458408447], [32.88655841873833, 0.11883297459007736], [32.892974418744416, 0.11544097458704528], [32.895511418746764, 0.11201697458386661], [32.8967664187478, 0.09733597457011456], [32.89460741874586, 0.08148097455546122], [32.89809841874899, 0.07301497454750461], [32.90016141875094, 0.071424974546062], [32.90678441875707, 0.07078797454551022], [32.91087741876095, 0.07265697454704423], [32.91379541876381, 0.07910697455326954], [32.91994141876944, 0.08122097455520816], [32.93545541878393, 0.08203197455577538], [32.93866741878696, 0.07953197455344707], [32.943004418790906, 0.0795659745535886], [32.9507374187981, 0.08283997455669123], [32.95640941880333, 0.08724597456080119], [32.95772541880456, 0.0941419745672647], [32.96298241880959, 0.09303597456619173], [32.96621341881246, 0.08869997456213241], [32.9751124188208, 0.08876897456207189], [32.98461941882965, 0.09871397457141029], [33.00619541884976, 0.11265397458441839], [33.00799141885136, 0.11634097458772885], [33.00497041884864, 0.12343397459449079], [33.007000418850566, 0.12666297459736597], [33.01018541885355, 0.12806497459882848], [33.01203941885524, 0.1241769745952297], [33.011878418855076, 0.1156829745871164], [33.013942418856914, 0.11432097458600765], [33.01645241885922, 0.11411097458585573], [33.0260044188683, 0.11877597459010758], [33.03189841887365, 0.12387197459474919], [33.03980241888098, 0.13472197460487223], [33.03018941887217, 0.13877997460872393], [33.02948341887145, 0.14152897461121938], [33.03152041887324, 0.1436109746132388], [33.03905541888025, 0.14343897461299093], [33.04317841888428, 0.1414049746110777], [33.0468634188876, 0.13684197460702308], [33.04913741888981, 0.13777797460784313], [33.05365741889386, 0.1437819746133755], [33.053638418894025, 0.146535974615972], [33.047897418888624, 0.15085397462007677], [33.05174241889222, 0.15570397462442997], [33.070625418909685, 0.16365497463198153], [33.093509418931035, 0.18609797465273914], [33.09325741893076, 0.1890799746556695], [33.087284418925265, 0.19454397466074624], [33.09679041893423, 0.20517697467062135], [33.09924741893633, 0.21231297467716104], [33.09762941893496, 0.21505597467967164], [33.09191941892959, 0.2154709746801018], [33.08897041892692, 0.2131529746779961], [33.07437141891319, 0.2118929746768572], [33.04457841888552, 0.22773397469154588], [33.04661141888732, 0.23050497469421316], [33.0604784189004, 0.23795797470120306], [33.064331418903976, 0.24166097470447312], [33.069385418908496, 0.23733797470049467], [33.072757418911806, 0.2440219747068113], [33.071365418910545, 0.2469959747095345], [33.06356841890329, 0.2517569747139987], [33.06671541890614, 0.2582099747198754], [33.07264741891163, 0.25871497472053306], [33.07585941891466, 0.2569019747188577], [33.08130241891968, 0.26107697472252767], [33.08405341892217, 0.2599499747216214], [33.08799341892586, 0.2519449747142062], [33.09530241893276, 0.2510819747133155], [33.09967041893674, 0.24698297470945363], [33.10396541894079, 0.2527549747148896], [33.1085164189451, 0.2543969747164283], [33.11308641894925, 0.2539729747159072], [33.11355941894976, 0.2514509747136344], [33.110641418947125, 0.24522997470785413], [33.111572418947844, 0.24271197470557127], [33.11432641895044, 0.24066697470357212], [33.121391418957046, 0.24209797470484773], [33.121871418957426, 0.2391169747022559], [33.119621418955376, 0.23473797469819146], [33.110317418946806, 0.22754997469132832], [33.10924941894564, 0.21743997468206544], [33.120914418956545, 0.21454497467925648], [33.13163341896666, 0.21577397468035997], [33.13748941897211, 0.22637897469030577], [33.14015941897446, 0.23512397469835378], [33.139442418973886, 0.2397099747026914], [33.1329884189679, 0.24815497471058734], [33.1350214189697, 0.25115497471347226], [33.144184418978284, 0.24663297470920043], [33.14829241898201, 0.2464349747090182], [33.151477418984996, 0.24829597471079978], [33.15667341898984, 0.25522297471707134], [33.1593514189924, 0.2635079747249165], [33.15793941899096, 0.2694669747304488], [33.14797941898178, 0.2886769747483413], [33.14585441897975, 0.2983039747573457], [33.14762841898141, 0.3052059747637941], [33.16532841899789, 0.31934597477697935], [33.16876941900114, 0.31707597477475247], [33.17538841900728, 0.3171259747748536], [33.18745041901866, 0.32226797477960645], [33.19039941902133, 0.32458597478171214], [33.191238419022056, 0.3346949747910912], [33.19808141902854, 0.3354359747918352], [33.20403641903408, 0.33272497478947116], [33.207687419037484, 0.33321197478971953], [33.21787641904689, 0.34430997480012593], [33.2246974190532, 0.34826397480378546], [33.24064241906808, 0.3527459748079309], [33.24609741907307, 0.3560009748109678], [33.252880419079474, 0.36523697481970885], [33.272434419097635, 0.3761739748297259], [33.2733074190985, 0.3816909748350099], [33.27122841909659, 0.38511997483806226], [33.26320241908911, 0.38965297484242], [33.24763441907453, 0.39573697484797776], [33.2398724190673, 0.39590797484811446], [33.230087419058236, 0.3912429748438626], [33.224777419053225, 0.39946897485151567], [33.21470641904398, 0.40306797485482093], [33.210869419040364, 0.39706897484938963], [33.19618241902663, 0.40706197485860685], [33.19411041902481, 0.4093419748608085], [33.19675441902723, 0.4226809748731739], [33.18283041901418, 0.45311697490137703], [33.177284419009084, 0.46203097490979417], [33.168098419000444, 0.4688509749162222], [33.16208641899493, 0.4793689749260466], [33.15909941899213, 0.4818729749283648], [33.153629418987066, 0.48068297492704914], [33.1517674189854, 0.4850319749311893], [33.15287041898637, 0.4903229749361344], [33.172168419004265, 0.47439297492132937], [33.18300641901442, 0.4602369749081845], [33.197105419027594, 0.43669097488623265], [33.19971441902999, 0.42339197487376623], [33.20637941903624, 0.41747197486824916], [33.21276441904206, 0.41843797486922085], [33.219410419048245, 0.4155029748665129], [33.22185941905059, 0.42355897487391303], [33.228481419056834, 0.423607974873903], [33.2282984190565, 0.4176359748685172], [33.230834419058965, 0.4142109748652274], [33.23402741906193, 0.41446397486538444], [33.236053419063865, 0.418382974869246], [33.23823941906585, 0.43171797488162156], [33.2404894190679, 0.43586797488546836], [33.2482184190751, 0.4409779748900746], [33.253742419080254, 0.46581997491330185], [33.260120419086206, 0.46793397491524047], [33.26583841909155, 0.4663699749137322], [33.27354841909869, 0.47377497492061593], [33.2785764191035, 0.4731239749200995], [33.28284041910729, 0.4830299749294227], [33.28649141911069, 0.48374597493011606], [33.28905841911319, 0.47572797492262], [33.29501741911872, 0.4730159749199174], [33.29549441911922, 0.47003397491721444], [33.292095419116094, 0.46656397491392454], [33.29076341911468, 0.461042974908878], [33.28690341911124, 0.4584889749064587], [33.28740341911157, 0.4522919749006178], [33.30167741912487, 0.43586397488547846], [33.309230419132064, 0.4333939748830744], [33.31158041913409, 0.42399597487428764], [33.3145634191369, 0.42195197487239966], [33.32341041914515, 0.43005397487991104], [33.322650419144566, 0.440381974889533], [33.32423441914602, 0.4424599748915625], [33.328804419150174, 0.4418049748910562], [33.3320234191533, 0.43861397488808507], [33.33430141915528, 0.43954897488879396], [33.33791341915867, 0.44508697489391125], [33.35112341917102, 0.4493179748978946], [33.362041419181196, 0.4553679749035382], [33.36474941918368, 0.45975097490759254], [33.36311341918213, 0.4652499749126946], [33.354850419174454, 0.4711609749183481], [33.35707041917658, 0.4796739749262997], [33.367580419186424, 0.4790619749255711], [33.363876419182816, 0.4861539749322219], [33.36429241918336, 0.4916679749373998], [33.35992041917916, 0.49645897494178826], [33.36263241918164, 0.5001529749451947], [33.36766041918645, 0.49972997494501215], [33.36995641918861, 0.49790997494324074], [33.37068141918917, 0.49194397493761244], [33.37343241919166, 0.49035697493627595], [33.39352441921051, 0.49050397493624587], [33.402717419219016, 0.48207397492842574], [33.400245419216844, 0.47677397492361706], [33.396381419213185, 0.4742199749211977], [33.389305419206494, 0.473938974920884], [33.38749341920493, 0.47231797491940597], [33.38682541920434, 0.46955697491671344], [33.39303941921003, 0.462712974910346], [33.393055419209986, 0.4606469749085136], [33.37889441919697, 0.4612319749089693], [33.375476419193774, 0.4600589749079518], [33.36354441918252, 0.4370079748864555], [33.363609419182694, 0.4275939748777091], [33.36182041918096, 0.4225289748731029], [33.35612841917555, 0.420419974871038], [33.35493441917447, 0.4277599748779721], [33.35263041917233, 0.43049797488038166], [33.349685419169646, 0.42726197487741047], [33.34928941916928, 0.4189929748697523], [33.34637041916653, 0.4118529748629953], [33.35739141917679, 0.4032079748549222], [33.36584841918466, 0.40212097485391496], [33.36498241918389, 0.39568597484799284], [33.36776341918653, 0.38996597484265294], [33.36595941918472, 0.3865079748395601], [33.359798419179015, 0.3860039748390136], [33.35267641917244, 0.3923809748448548], [33.346153419166285, 0.37901497483244384], [33.34272741916311, 0.3792189748326109], [33.342174419162575, 0.3923039748449355], [33.33718441915812, 0.38767497484059277], [33.336319419157235, 0.3814679748347771], [33.3308794191521, 0.37568797482936134], [33.325832419147446, 0.37932497483279803], [33.32420741914598, 0.3827569748359565], [33.32484841914652, 0.38919097484199483], [33.32323841914513, 0.39055697484332086], [33.319820419141934, 0.39007297484272385], [33.30809441913084, 0.369779974823814], [33.31176341913442, 0.36728097482159683], [33.3192674191414, 0.3714689748253477], [33.32197941914387, 0.37539297482908296], [33.32542041914712, 0.3731219748269723], [33.325897419147395, 0.37036997482437073], [33.319130419141175, 0.35929897481400985], [33.3186984191409, 0.35562197481067415], [33.32329141914511, 0.3519819748073587], [33.328250419149754, 0.3607439748154775], [33.339386419160064, 0.36771397482198154], [33.34416941916447, 0.3691269748233026], [33.34989141916981, 0.3671019748214803], [33.36263241918164, 0.3729359748267598], [33.3660624191848, 0.37204297482594484], [33.37163141919018, 0.35968397481451575], [33.36394541918298, 0.3490659748044891], [33.36015741917936, 0.33617997479268524], [33.36179341918091, 0.33114097478778604], [33.36614241918505, 0.3293359747863178], [33.3807184191985, 0.33426397479070147], [33.383861419201594, 0.34163397479755986], [33.388435419205734, 0.34005997479630423], [33.398315419214896, 0.3311779747880337], [33.40307641921936, 0.33626397479270054], [33.40766141922359, 0.33354197479002323], [33.414112419229696, 0.3253229747824662], [33.41915541923436, 0.32191497477924713], [33.427375419242026, 0.3217449747792216], [33.429641419244035, 0.3240579747812262], [33.43187341924613, 0.33119197478799833], [33.42902341924355, 0.3470139748026213], [33.43535941924938, 0.3546369748098641], [33.44472141925826, 0.354474974809591], [33.44674641926008, 0.3588519748136605], [33.4430354192566, 0.3670919748212782], [33.445068419258405, 0.3698619748240617], [33.44803641926114, 0.3701129748242238], [33.4544674192673, 0.3641889748187168], [33.46017041927257, 0.36491897481937485], [33.46360741927583, 0.36310697481758325], [33.470439419282, 0.36568197482006326], [33.47045941928218, 0.36269697481725416], [33.467529419279344, 0.35762497481255195], [33.461834419274055, 0.3557469748106996], [33.46257441927469, 0.34771597480335004], [33.46078141927319, 0.34333997479916434], [33.45231241926513, 0.34626397480201376], [33.451190419264094, 0.34327097479922486], [33.45537241926809, 0.3331979747897549], [33.46383641927605, 0.33073397478756306], [33.465908419277866, 0.3286819747856953], [33.46712141927901, 0.318358974775947], [33.47011541928191, 0.31447697477233305], [33.472847419284335, 0.31541497477314806], [33.47533041928659, 0.319565974777106], [33.47641341928761, 0.32760997478453646], [33.478008419289154, 0.32830997478527024], [33.48193741929276, 0.3214499747789432], [33.485145419295804, 0.31963597477715666], [33.49403041930418, 0.3219959747793837], [33.50066041931018, 0.3208949747784118], [33.50112541931071, 0.3197509747772074], [33.497493419307375, 0.3165099747743625], [33.490898419301175, 0.3130189747710119], [33.488418419298796, 0.3086389747668363], [33.49350341930358, 0.29972097475865667], [33.50537441931465, 0.2993459747583529], [33.50789641931692, 0.2977569747567941], [33.503841419313176, 0.29038097474995084], [33.50477241931412, 0.2878619747475568], [33.512119419320925, 0.2817159747419282], [33.50552741931483, 0.2777659747382586], [33.501468419311095, 0.2708489747317344], [33.49508241930516, 0.2698849747307577], [33.49076841930105, 0.26663897472781173], [33.48641541929692, 0.26867397472960874], [33.483383419294114, 0.277836974738193], [33.476757419288106, 0.27893697473928114], [33.474674419285975, 0.28282497474287993], [33.476703419288015, 0.28651297474630155], [33.481716419292525, 0.28792697474773377], [33.489490419299955, 0.28591597474587616], [33.49290441930293, 0.2875479747472127], [33.489666419299965, 0.29372397475299294], [33.485088419295835, 0.2950679747543745], [33.45496741926763, 0.29370397475304344], [33.45223641926509, 0.29253597475189963], [33.450004419262996, 0.2854029747452387], [33.44795641926112, 0.28446897474441357], [33.44605241925933, 0.2957059747548101], [33.44330641925694, 0.29637497475550845], [33.43650441925047, 0.2898969747495812], [33.42670041924134, 0.28821897474790603], [33.420303419235324, 0.2888609747485589], [33.41434841922978, 0.2920319747513531], [33.410469419226274, 0.29154497475110475], [33.405254419221365, 0.2866859747464332], [33.40870241922471, 0.2832669747433556], [33.418075419233446, 0.2814979747415691], [33.42037241923549, 0.27921897473947865], [33.41811341923335, 0.2759879747366085], [33.424106419239024, 0.26776597472894537], [33.42955741924402, 0.2719379747327366], [33.431842419246095, 0.27149597473226095], [33.43209441924637, 0.26805397472912773], [33.4298474192442, 0.2627569747241978], [33.43101541924534, 0.25955097472115085], [33.43790441925171, 0.25340197471541615], [33.448867419262115, 0.25256297471469225], [33.45002741926305, 0.24981597471219175], [33.44889841926215, 0.2484309747108], [33.44525941925872, 0.24656797470902347], [33.44137541925511, 0.2467689747093118], [33.44025841925395, 0.24331697470620384], [33.437069419250975, 0.24260497470550035], [33.43338441924766, 0.2471709747096611], [33.430885419245215, 0.245544974708082], [33.4279594192426, 0.2397849747028431], [33.434002419248145, 0.22421697468826096], [33.44158941925525, 0.2166949746813316], [33.44703241926027, 0.2215559746857707], [33.462799419274916, 0.21891497468345733], [33.4630924192752, 0.20996297467513614], [33.4699744192817, 0.20496197467036836], [33.47431141928564, 0.20499297467040378], [33.47661541928778, 0.20202597466754924], [33.478050419289275, 0.19239397465867114], [33.487022419297546, 0.18258697464943907], [33.48952841929986, 0.1832929746501577], [33.49086341930115, 0.1883529746548902], [33.48758341929806, 0.20026797466607604], [33.492282419302455, 0.21361697467841623], [33.492923419303, 0.21981997468424197], [33.497455419307244, 0.22444397468848365], [33.49992741930964, 0.2299709746937424], [33.50225441931184, 0.22355997468775968], [33.50173541931122, 0.19990997466561566], [33.503353419312816, 0.19693697466300364], [33.51089441931981, 0.19584297466190037], [33.51430541932291, 0.19770397466368195], [33.51722741932576, 0.20415297466956872], [33.52725241933513, 0.20651997467189176], [33.52842741933614, 0.20193697466766025], [33.52483341933271, 0.1934169746596126], [33.52466241933257, 0.1856109746522634], [33.52061841932891, 0.17593997464337008], [33.52132041932941, 0.17387897464141133], [33.52884241933657, 0.1750799746425855], [33.53533541934257, 0.1932619746594355], [33.54256841934921, 0.20318497466882945], [33.54850741935479, 0.20276897466828814], [33.54920941935552, 0.20024797466589916], [33.54695941935347, 0.19541097466139945], [33.54502141935154, 0.17886797464598203], [33.54777141935415, 0.17750997464486318], [33.55871541936426, 0.17873597464586055], [33.56673441937187, 0.1746599746420543], [33.57284541937747, 0.18204997464908956], [33.57327241937787, 0.18641497465318935], [33.56842841937328, 0.193496974659638], [33.567714419372805, 0.19785397466375798], [33.57495541937942, 0.20662897467195762], [33.579277419383516, 0.20918497467437192], [33.58635341938998, 0.20900497467414425], [33.59390641939717, 0.20561497467087975], [33.59847241940133, 0.20587597467124397], [33.60210441940467, 0.2084269746735572], [33.6086424194109, 0.22064097468501132], [33.61342641941519, 0.22159297468579098], [33.61659641941833, 0.22551697468952625], [33.62572141942678, 0.22604097469002227], [33.627311419428224, 0.22742897469129275], [33.62234541942348, 0.2526489747147025], [33.622535419423684, 0.25815997472000163], [33.62572841942665, 0.2581819747199461], [33.62776541942867, 0.2609519747225022], [33.62453041942558, 0.26643897472763456], [33.624248419425385, 0.2742429747349888], [33.62192541942318, 0.28019597474053626], [33.62235241942358, 0.28479097474473747], [33.62620541942715, 0.2887209747484576], [33.628223419429105, 0.2940159747533926], [33.62636141942744, 0.29928397475828206], [33.61697041941852, 0.3040399747626452], [33.61604341941779, 0.3058699747643914], [33.61805741941953, 0.31185397476997423], [33.61434941941616, 0.3198639747774905], [33.61478041941655, 0.3233109747804974], [33.619583419420906, 0.3224259747796623], [33.62622841942721, 0.3183399747758813], [33.63146241943218, 0.3209019747782804], [33.63621541943644, 0.3271349747842578], [33.64033141944037, 0.3262449747833216], [33.644069419443895, 0.3134129747713814], [33.64636641944594, 0.3111329747691798], [33.650245419449675, 0.31161897476977174], [33.65407941945318, 0.3185339747760736], [33.65795141945682, 0.3197089747773134], [33.66668341946479, 0.3110449747691746], [33.67149341946947, 0.3090119747673725], [33.674915419472654, 0.30926597476741335], [33.676498419474, 0.3111129747692303], [33.67758541947501, 0.3191569747766607], [33.68144641947856, 0.322397974779733], [33.69013941948674, 0.3194739747771109], [33.69284441948935, 0.3245439747818182], [33.71154441950671, 0.32765797478464265], [33.716400419511274, 0.318047974775709], [33.7303274195242, 0.3179139747755926], [33.734180419527775, 0.32230297477963177], [33.73785441953123, 0.31865397477622537], [33.74651341953927, 0.3212399747785639], [33.74974041954215, 0.3166689747743021], [33.762291419554, 0.3174439747751876], [33.76437041955592, 0.31332597477126], [33.75184641954411, 0.3086479747669273], [33.73405041952765, 0.30714797476548483], [33.72362941951792, 0.2955969747547442], [33.71678141951156, 0.29577897475496684], [33.71385941950871, 0.28910097474863505], [33.7083624195036, 0.2918179747512113], [33.70586041950128, 0.29042297475007217], [33.70476541950029, 0.28352797474349245], [33.69976441949575, 0.2802789747404404], [33.69911241949512, 0.2754529747360266], [33.69616741949244, 0.2722179747329392], [33.69091841948739, 0.2721819747330301], [33.68984241948647, 0.26253197472397005], [33.69330641948977, 0.25658597471851863], [33.69739141949344, 0.2602879747219049], [33.70009241949606, 0.2655869747268298], [33.71353541950862, 0.26935297473028186], [33.71994441951438, 0.26664297472780163], [33.72867941952268, 0.2575189747192326], [33.736435419529926, 0.2582609747200877], [33.74012341953335, 0.2530059747150517], [33.73764441953108, 0.24862697471098727], [33.73148741952514, 0.24720697470979758], [33.72180541951616, 0.22762597469159118], [33.72457841951882, 0.22236497468657035], [33.72346141951766, 0.21891297468346238], [33.71072741950593, 0.21193797467685727], [33.704837419500336, 0.20546997467090478], [33.71774641951242, 0.1862749746528607], [33.721405419515804, 0.1858409746525922], [33.728214419522146, 0.1911679746574464], [33.740310419533444, 0.1912509746575779], [33.743255419536126, 0.19471497466088294], [33.74736841953995, 0.19428397466049319], [33.75613041954807, 0.18056897464771282], [33.759540419551286, 0.18265897464971204], [33.76311141955466, 0.19462097466066552], [33.76719241955857, 0.19855097466438565], [33.77061041956176, 0.19949297466519056], [33.773136419564025, 0.1974439746634289], [33.774795419565635, 0.18850197465508245], [33.7782254195688, 0.18760697465427256], [33.785450419575454, 0.19936497466505898], [33.783821419574, 0.20394497466941175], [33.777164419567725, 0.20917997467427085], [33.77713041956781, 0.21468897467934767], [33.790325419580086, 0.2212069746854013], [33.79186241958155, 0.22994197469370192], [33.78886841957865, 0.23428297469763493], [33.78952741957937, 0.2381909747014106], [33.791786419581285, 0.24164997470461458], [33.79588741958514, 0.2428259747057382], [33.79818741958729, 0.24031597470320776], [33.8000834195891, 0.22953897469324147], [33.805320419593954, 0.23141097469510896], [33.80715941959579, 0.2298159746935653], [33.80834941959688, 0.22201797468619588], [33.81454841960249, 0.21700997468155947], [33.81185541960008, 0.2101039746751212], [33.806388419594896, 0.2080009746732685], [33.80571741959443, 0.20615997467143643], [33.80642741959514, 0.20249197466796431], [33.81560941960356, 0.19474797466091331], [33.81747041960534, 0.18948097465590763], [33.8165894196045, 0.18442397465128124], [33.812038419600185, 0.182326974649186], [33.81352241960167, 0.1651199746331713], [33.80905941959759, 0.14970897461898858], [33.811130419599294, 0.14719797461657436], [33.81845441960627, 0.14403397461364875], [33.82187641960945, 0.1442869746138058], [33.82527941961257, 0.147522974616777], [33.83469341962132, 0.17329797464094554], [33.8316654196185, 0.18268997464952008], [33.83321741962004, 0.18935797465587711], [33.83182141961879, 0.1934799746597946], [33.82537441961267, 0.2017009746673466], [33.827178419614256, 0.20538697467077327], [33.831764419618594, 0.20197397466768052], [33.839275419625665, 0.2052389746706922], [33.84202541962827, 0.20342097466891573], [33.8391114196254, 0.19559597466172818], [33.84027841962666, 0.19170097465803337], [33.85100541963652, 0.19200297465840777], [33.85787541964305, 0.18837597465494582], [33.87696841966067, 0.16531797463335351], [33.88538341966864, 0.1701949746379796], [33.89132341967411, 0.16954597463745813], [33.895420419677976, 0.17117997463901702], [33.89949841968178, 0.1753389746427274], [33.90048941968257, 0.1983029746641023], [33.90184441968381, 0.20083697466657213], [33.910041419691424, 0.20364697466925463], [33.91415841969547, 0.20275597466843465], [33.92311441970378, 0.19409097466018466], [33.9260904197065, 0.19296297465916723], [33.928585419708725, 0.19527597466139923], [33.92044041970121, 0.21909697468345257], [33.921341419702, 0.22116897468549723], [33.9272694197075, 0.22212697468626175], [33.931747419711655, 0.23371497469725], [33.93632541971601, 0.23343597469693123], [33.94480841972381, 0.22729397469106516], [33.947548419726445, 0.22777097469156615], [33.95342641973184, 0.2365339746997961], [33.966884419744474, 0.23754097470077795], [33.9711874197485, 0.24284897470556643], [33.96864341974606, 0.248112974710466], [33.973861419751074, 0.25273897471493], [33.97744341975431, 0.26378297472524537], [33.97994641975674, 0.2651769747265007], [33.987716419763956, 0.26362097472497226], [33.990249419766315, 0.25996397472158606], [33.98846041976458, 0.2546719747167572], [33.99124541976721, 0.24734297470990896], [33.99377041976959, 0.2450639747078185], [34.000629419775805, 0.24304297470575875], [34.00834241978305, 0.23662797469978614]], [[33.5695644193745, 0.16136597462968894], [33.564552419369875, 0.16018297462869668], [33.56388841936905, 0.15696397462556888], [33.57010641937495, 0.14920297461844712], [33.56879441937372, 0.14069997461047024], [33.566974419371945, 0.13976897460975124], [33.56077541936634, 0.14523397461471177], [33.55416541936006, 0.14380997461353218], [33.55073141935691, 0.1456219746150964], [33.541179419348055, 0.14073397461061177], [33.540058419346906, 0.13774197460770665], [33.576427419380934, 0.12606197459695068], [33.5782894193826, 0.12102497459227379], [33.575840419380256, 0.11205597458388183], [33.57699941938131, 0.10953897458148276], [33.580192419384275, 0.10956097458142722], [33.58744041939099, 0.11787597458919663], [33.58876441939242, 0.12431297459534107], [33.58428541938815, 0.14494097461442834], [33.58671941939042, 0.15574797462454626], [33.58533141938915, 0.1584929746270518], [33.581913419385955, 0.15777997462646454], [33.57806741938225, 0.15270297462166127], [33.5695644193745, 0.16136597462968894]], [[33.811943419600084, 0.1279209745987373], [33.80736941959594, 0.12926697459988645], [33.80390141959265, 0.13590097460610195], [33.79637541958573, 0.13493197460525153], [33.79577641958508, 0.12253197459358489], [33.788723419578446, 0.11926997459067934], [33.78479041957485, 0.12681797459754307], [33.778839419569294, 0.129761974600342], [33.77176641956271, 0.12925497459991675], [33.76363741955515, 0.11634397458783496], [33.76458341955595, 0.11152997458339087], [33.75984241955166, 0.10392297457633504], [33.75874741955067, 0.09702897456986648], [33.76424041955579, 0.09454197456761904], [33.765876419557344, 0.08881397456229934], [33.76977141956081, 0.08631597455996598], [33.78438941957461, 0.08480897455842751], [33.789425419579175, 0.08231797455619017], [33.79536041958477, 0.08212897455587154], [33.802166419591, 0.08814297456160602], [33.80855541959704, 0.08841597456193995], [33.806762419595316, 0.0831239745568837], [33.80884141959723, 0.0792359745532849], [33.820736419608465, 0.07564397454984828], [33.82369241961101, 0.07704097455120973], [33.828430419615415, 0.08533697455891343], [33.83298141961973, 0.08720397456067985], [33.83915741962551, 0.08494997455863995], [33.84735141963324, 0.08821897456164152], [33.85282941963828, 0.08848497456187943], [33.87571341965963, 0.07876797455287488], [33.88415141966743, 0.07951397455349252], [33.892795419675394, 0.08370297455735454], [33.895740419678305, 0.0871659745607758], [33.89571341967826, 0.09106797456433924], [33.891826419674544, 0.09241897456558945], [33.88180541966517, 0.08936797456271961], [33.879963419663454, 0.09188097456512878], [33.87493941965886, 0.09230597456553369], [33.87877241966248, 0.0992179745719568], [33.87761641966131, 0.10150597457413824], [33.87123141965549, 0.10100397457358667], [33.8639564196485, 0.09682297456970446], [33.85482841964017, 0.09653297456929977], [33.84724441963294, 0.10474497457698817], [33.841533419627694, 0.10516597457740318], [33.83698241962338, 0.10306897457553532], [33.83897741962528, 0.11226497458414997], [33.83782541962432, 0.11386397458545616], [33.834861419621575, 0.11338497458518759], [33.830101419616994, 0.1087619745808297], [33.82553841961271, 0.10850097458046548], [33.825725419613036, 0.11424097458598226], [33.81930941960695, 0.118329974589642], [33.811943419600084, 0.1279209745987373]], [[33.47842041928948, 0.07509397454941791], [33.47703141928832, 0.07829697455235873], [33.47018041928186, 0.07870697455268783], [33.468380419280265, 0.07525097454958996], [33.47092041928249, 0.07090797454543463], [33.4757154192871, 0.07025397454481208], [33.47842041928948, 0.07509397454941791]], [[33.28628941911052, 0.07231397454688704], [33.28353841910803, 0.07390097454822353], [33.275116419100186, 0.07085397454557096], [33.26850141909404, 0.07057497454525219], [33.26419441909002, 0.06664097454154216], [33.25527141908174, 0.069787974544397], [33.251854419078654, 0.06907397454392594], [33.2457964190728, 0.05456797453030049], [33.24218041906943, 0.04972097452582602], [33.24795941907496, 0.03989397451664445], [33.254383419080796, 0.03489297451187667], [33.25532141908184, 0.03145697450872831], [33.253303419079884, 0.026621974504223544], [33.25747341908368, 0.01815997449648421], [33.26205041908793, 0.01612897449444972], [33.26592641909156, 0.017074974495471906], [33.27948341910428, 0.03507897451208919], [33.28948241911348, 0.041120974517752984], [33.292411419116206, 0.04596297452235376], [33.29743541912103, 0.04554097452182759], [33.30226141912544, 0.040985974517752766], [33.30613341912908, 0.041932974518431365], [33.308590419131406, 0.04952597452552254], [33.30696141912995, 0.05387497452966272], [33.30443941912745, 0.05523297453100895], [33.295326419118965, 0.05309997452900461], [33.2893864191135, 0.05420397453008263], [33.28628941911052, 0.07231397454688704]], [[33.481121419292094, 0.048257974524403835], [33.478550419289604, 0.056731974532340246], [33.47603241928732, 0.05809097453357026], [33.472396419283996, 0.05576997453135846], [33.47454441928585, 0.04224297451878556], [33.47752341928867, 0.040656974517332856], [33.481121419292094, 0.048257974524403835]], [[33.61191541941389, 0.04344797451994964], [33.61273941941454, 0.0560779745317177], [33.60818141941036, 0.055586974531252054], [33.598892419401636, 0.04565197452211578], [33.60027341940304, 0.04405497452057716], [33.608726419410914, 0.04227797451881088], [33.61191541941389, 0.04344797451994964]], [[33.652729419451816, 0.014812974493224829], [33.65086741945015, 0.02030797449833699], [33.65536841945436, 0.0292909745066936], [33.6539764194531, 0.03272497451007439], [33.64986441944916, 0.033383974510570624], [33.64577441944539, 0.030601974508044805], [33.64307441944288, 0.0253039745030037], [33.63534541943568, 0.020888974499030155], [33.633548419433964, 0.016744974495168208], [33.635643419436065, 0.01079197448962077], [33.64066741944066, 0.010137974488998225], [33.64612941944574, 0.012241974490962093], [33.6506954194499, 0.011814974490562236], [33.652729419451816, 0.014812974493224829]], [[32.949886418797405, 0.028605974506035636], [32.946437418794176, 0.03156297450891543], [32.93870541878687, 0.028288974505812803], [32.929798418778546, 0.029365974506845305], [32.922989418772204, 0.02449297450220911], [32.916366418766074, 0.0251289745028771], [32.914108418764044, 0.021897974499779593], [32.90339241875404, 0.020665974498797368], [32.905723418756224, 0.014486974492911031], [32.899166418750156, 0.0029199744822108187], [32.928890418777655, 0.0029199744822108187], [32.931083418779735, 0.010784974489524757], [32.94949341879692, 0.02033997449848357], [32.94786441879546, 0.02422897450196615], [32.949886418797405, 0.028605974506035636]], [[33.0457224188865, 0.04639297452263236], [33.0490914188897, 0.05376397452960191], [33.04476141888563, 0.052812974528706036], [33.037952418879286, 0.0477109745238522], [33.03933741888068, 0.04565497452199452], [33.0457224188865, 0.04639297452263236]], [[32.99343441883798, 0.0501199745260692], [32.98769041883247, 0.05558397453114594], [32.98243741882766, 0.05600197453168221], [32.98154441882684, 0.05324097452898968], [32.9893414188341, 0.048251974524418983], [32.99231341883683, 0.04781597452392816], [32.99343441883798, 0.0501199745260692]], [[33.00568041884935, 0.060314974535685906], [33.01339341885637, 0.06634197454127388], [33.01224141885541, 0.06793997454269629], [33.00858341885191, 0.06859997454330369], [33.00540541884902, 0.06650997454153185], [33.002479418846406, 0.06097797453617204], [33.00568041884935, 0.060314974535685906]], [[33.095764418933186, 0.06812397454291386], [33.08931741892707, 0.07564997454983313], [33.086380418924364, 0.07172497454621407], [33.085720418923756, 0.068276974543096], [33.08756241892547, 0.06645497454132965], [33.093952418931394, 0.06604497454100056], [33.095764418933186, 0.06812397454291386]], [[33.496646419306444, 0.07958597455353811], [33.497993419307704, 0.08280897455665581], [33.49611641930596, 0.08991097456328134], [33.49313341930315, 0.09264497456570098], [33.48996741930023, 0.08848997456198049], [33.48954041929983, 0.0841259745577645], [33.49140141930161, 0.07908897455308761], [33.496646419306444, 0.07958597455353811]], [[33.304599419127726, 0.3162549747739831], [33.294353419118124, 0.31273497477081946], [33.28748741911181, 0.31543897477331484], [33.277916419102894, 0.3128419747708904], [33.261245419087345, 0.3138669747718268], [33.25261641907923, 0.3078329747661428], [33.23643441906415, 0.30403797476265026], [33.22780641905615, 0.2982339747572951], [33.22534141905385, 0.29155697475107445], [33.20787441903758, 0.27696097473744885], [33.2061084190359, 0.2684529747295983], [33.20159541903172, 0.26153097472297304], [33.20367841903362, 0.2576439747194854], [33.230255419058494, 0.24429797470702397], [33.25204041907864, 0.2304559746942232], [33.259853419086085, 0.22316797468738514], [33.26423641909014, 0.21700197468157967], [33.266582419092174, 0.20852497467376452], [33.26548041909132, 0.20300697466859674], [33.26781441909338, 0.19567797466174852], [33.2653464190912, 0.1899199746562772], [33.25529841908178, 0.19076397465710215], [33.24916441907612, 0.1868149746535437], [33.244098419071406, 0.1929759746592481], [33.23113241905935, 0.18713897465386253], [33.22196241905067, 0.19235097465866602], [33.22303341905172, 0.20200097466772604], [33.2202874190491, 0.20289897466841467], [33.2155074190448, 0.2012559746669922], [33.20840041903807, 0.20556397467089482], [33.205261419035196, 0.1979649746638188], [33.20756941903733, 0.19453897466064518], [33.224773419053236, 0.18272997464964646], [33.22640641905491, 0.17792097464530343], [33.22258741905125, 0.16962797463747847], [33.227611419056075, 0.16897697463696204], [33.23016341905827, 0.16325697463162214], [33.2333754190613, 0.1612149746297291], [33.23543141906316, 0.16077197462914228], [33.24603241907312, 0.17806797464527335], [33.25082441907762, 0.1785629746457289], [33.25931941908539, 0.17127997463899192], [33.27730941910227, 0.1459329746153344], [33.28425941910882, 0.13152197460203752], [33.283878419108305, 0.12141897459264328], [33.28619741911052, 0.1161559745876275], [33.288719419112795, 0.11456797458617984], [33.29508541911878, 0.11805897458953041], [33.298008419121516, 0.12404897459509812], [33.30355041912662, 0.14658597461607314], [33.309921419132706, 0.14938797461854847], [33.31397641913645, 0.15653397462529028], [33.31581141913807, 0.155399974624288], [33.31651641913868, 0.15219197462124612], [33.31049341913308, 0.1333229746037432], [33.31173341913427, 0.11955897459074549], [33.308143419131056, 0.11126897458302665], [33.30886041913163, 0.10645397457869876], [33.3121034191347, 0.10027997457291349], [33.31330141913577, 0.09248397456553903], [33.316059419138355, 0.0897499745631194], [33.32289941914473, 0.09071897456396982], [33.330032419151394, 0.08227797455606378], [33.33774541915864, 0.08853297456198561], [33.33930941915992, 0.09313497456628284], [33.33790541915869, 0.0984039745710561], [33.33538041915631, 0.10045097457305019], [33.323963419145684, 0.10128597457378419], [33.32166241914365, 0.1037939745760923], [33.32092241914279, 0.11136297458324407], [33.322246419143994, 0.1178009745892723], [33.325401419147056, 0.12333297459440473], [33.32327641914503, 0.13295897460329797], [33.327552419149015, 0.14125397461111788], [33.32431741914593, 0.14650997461603765], [33.32565641914721, 0.15088197462000608], [33.33683041915765, 0.15234097462143836], [33.33932841915998, 0.15396697462279008], [33.3404164191611, 0.1615499746299065], [33.3394624191601, 0.16705297463499846], [33.33648641915738, 0.16817797463613715], [33.32991741915134, 0.16124297462965842], [33.326957419148584, 0.16030297462884846], [33.3253284191469, 0.16465297463287243], [33.326637419148256, 0.1731569746407331], [33.321048419142926, 0.1884959746550976], [33.321693419143685, 0.19401097466015926], [33.31573841913814, 0.1969509746629683], [33.31366341913599, 0.19991997466559042], [33.31455941913691, 0.20176397466730123], [33.32070541914277, 0.20456397467000897], [33.325039419146606, 0.20505497467047462], [33.321701419143665, 0.22431497468846828], [33.324855419146616, 0.2300779746938133], [33.33124541915254, 0.23035397469402596], [33.33815341915897, 0.22191097468612497], [33.339592419160226, 0.2125089746773483], [33.34301041916342, 0.2129929746779453], [33.34549341916568, 0.2171429746817921], [33.353229419172976, 0.220184974684571], [33.35552941917513, 0.21790597468248052], [33.35780341917712, 0.21906997468340705], [33.35638041917582, 0.2268659746907815], [33.358402419177764, 0.23101297469474957], [33.36295741918207, 0.23265297469606594], [33.37049841918906, 0.23110097469475477], [33.372158419190555, 0.22284897468693998], [33.37581641919405, 0.2219569746862362], [33.378749419196765, 0.22633997469029055], [33.381340419199205, 0.2474809747100153], [33.38426941920193, 0.2525529747147175], [33.394722419211575, 0.2592869747209079], [33.39606841921295, 0.26228197472369175], [33.39398541921082, 0.2663989747275082], [33.38802341920541, 0.27002897473107623], [33.38662341920394, 0.27438097473509515], [33.38771041920518, 0.28196597474197915], [33.381504419199246, 0.2881199747478149], [33.38462441920228, 0.29847397475737125], [33.385253419202854, 0.30651497476492295], [33.38362541920128, 0.3108649747689469], [33.38019141919813, 0.3122179747701921], [33.35417141917378, 0.31156797476955944], [33.34917041916924, 0.30877597476705887], [33.34782741916797, 0.3048629747634095], [33.351040419170886, 0.3028209747615165], [33.35810441917761, 0.3040209747625795], [33.364048419183064, 0.3031459747617191], [33.368213419186986, 0.29536997475452154], [33.37303541919141, 0.29150197475087225], [33.37538541919366, 0.2821059747423078], [33.37448841919286, 0.2793439747397315], [33.36899141918752, 0.2820589747420854], [33.36117941918042, 0.2893489747489184], [33.35684941917634, 0.28839797474802253], [33.35503741917455, 0.28631897474610923], [33.356658419176256, 0.2831159747431684], [33.36262541918177, 0.27879797473906365], [33.36149641918064, 0.2771819747376867], [33.35921841917843, 0.2764769747370792], [33.355323419174965, 0.27828497473865355], [33.352600419172404, 0.2759689747365428], [33.35149041917134, 0.27159897473234196], [33.343517419163845, 0.2694739747305448], [33.34148441916204, 0.2664739747276599], [33.34379141916406, 0.2632769747247039], [33.35225341917203, 0.2610429747226135], [33.35594541917544, 0.25555997471747105], [33.36257941918166, 0.2533129747152998], [33.35052541917048, 0.2472549747096764], [33.347755419167925, 0.25182697471404936], [33.34135041916193, 0.2533869747155677], [33.33835641915903, 0.25703797471896905], [33.33699041915793, 0.2567989747185493], [33.335239419156096, 0.24645397470908392], [33.33251141915366, 0.24482697470739367], [33.32953641915083, 0.24549397470809708], [33.32786941914924, 0.25512397471698023], [33.324222419145826, 0.25463797471661564], [33.31833241914046, 0.24839597471077468], [33.31510141913736, 0.2534229747154768], [33.31894641914096, 0.2580429747197286], [33.32114041914315, 0.2706869747316887], [33.32636241914793, 0.2741689747347209], [33.32452041914621, 0.27645197473702865], [33.31559341913794, 0.2798299747400961], [33.313579419135976, 0.27407497473473086], [33.3065074191295, 0.27379297473453335], [33.300155419123485, 0.26823597472935035], [33.2990154191225, 0.26822797472937054], [33.297367419120974, 0.27487397473555575], [33.29190841911577, 0.27230697473305554], [33.28985241911391, 0.27275097473352616], [33.28846341911253, 0.2754959747360317], [33.29093941911492, 0.2798769747400911], [33.29479941911859, 0.2826599747427281], [33.29568141911932, 0.2872589747469192], [33.29449841911833, 0.29276097475212737], [33.296714419120235, 0.30219097476083334], [33.31767241913985, 0.3078559747661984], [33.32152141914344, 0.3124759747704502], [33.319221419141286, 0.31498497477286946], [33.3087274191314, 0.31421897477207494], [33.304599419127726, 0.3162549747739831]], [[33.34524541916562, 0.31494697477273803], [33.350925419170835, 0.31866197477620517], [33.354961419174515, 0.3287939747856399], [33.353573419173244, 0.3315389747883728], [33.347423419167626, 0.3294279747863129], [33.33606741915696, 0.32107897477862934], [33.33541441915645, 0.31671097477442345], [33.33748641915827, 0.3144309747722218], [33.34524541916562, 0.31494697477273803]], [[33.41602741923134, 0.2484219747109364], [33.41281541922854, 0.25092397471325967], [33.3982234192149, 0.24829297471069367], [33.39710641921374, 0.2448409747075857], [33.398963419215534, 0.24049197470344552], [33.40810741922405, 0.23872197470177525], [33.41602741923134, 0.2484219747109364]], [[33.422508419237374, 0.2039309746694471], [33.42565541924046, 0.21061097467554646], [33.42312641923809, 0.21288897467775314], [33.411960419227626, 0.21051197467545535], [33.41152241922714, 0.20821297467341537], [33.41816741923344, 0.20412897466962932], [33.422508419237374, 0.2039309746694471]], [[33.77124041956222, 0.1740149746415227], [33.76754041955883, 0.1811069746481735], [33.76525441955664, 0.18154997464853295], [33.76231041955384, 0.1783159746455567], [33.76301241955457, 0.1757959746432789], [33.770565419561535, 0.17217397463991801], [33.77124041956222, 0.1740149746415227]], [[33.50486341931423, 0.11178097458355296], [33.50394041931327, 0.11338097458519769], [33.4998434193094, 0.11174497458364385], [33.497817419307694, 0.10782797458000459], [33.499008419308666, 0.100720974573278], [33.50175041931129, 0.10028097457279728], [33.50486341931423, 0.11178097458355296]], [[33.606903419409264, 0.10860197458055154], [33.60593441940841, 0.11662897458813859], [33.600917419403686, 0.11613497458756683], [33.59500841939803, 0.11241997458409969], [33.597774419400594, 0.10853697458060196], [33.603031419405625, 0.10719697457943766], [33.606903419409264, 0.10860197458055154]], [[33.10636541894314, 0.11526197458692877], [33.10208541893917, 0.1078839745798632], [33.09455441893215, 0.1073669745794632], [33.08859241892651, 0.11145297458324421], [33.08358041892188, 0.11049697458247465], [33.07516841891402, 0.10584097457808639], [33.0754164189143, 0.10308797457560104], [33.08001741891849, 0.09830297457097004], [33.08916441892711, 0.0960779745689706], [33.09079341892857, 0.09195897456515922], [33.08945841892728, 0.08735797456074579], [33.09428441893169, 0.08303297455677239], [33.0988424189361, 0.08375697455744557], [33.10337841894034, 0.08746397456093291], [33.10606041894266, 0.09505897456801904], [33.11039741894683, 0.09463397456761413], [33.12243641895793, 0.10229997457486206], [33.129734418964745, 0.10327397457558618], [33.13108041896612, 0.10603897457826861], [33.130157418965155, 0.10763897457968596], [33.12216141895783, 0.10849597458059179], [33.11938841895517, 0.11329497458496007], [33.11621841895226, 0.11005797458187772], [33.10636541894314, 0.11526197458692877]], [[33.143375418977485, 0.11003497458204947], [33.15157341898521, 0.11239197458417038], [33.15155041898515, 0.11583597458729855], [33.14389041897789, 0.1329939746033233], [33.13151941896649, 0.13909797460905793], [33.1281014189633, 0.1383829746084757], [33.127986418963246, 0.12323197459431867], [33.13119941896616, 0.1207309745918792], [33.14195241897619, 0.11736997458888254], [33.143375418977485, 0.11003497458204947]], [[33.174419419006426, 0.139881974609807], [33.188869419019966, 0.16111097462953694], [33.190868419021854, 0.1689309746368508], [33.18902241901992, 0.1712129746390474], [33.184677419016, 0.1725569746402016], [33.17715441900896, 0.1715819746393663], [33.171253419003506, 0.1667169746347099], [33.16543941899795, 0.1506029746196873], [33.16041141899336, 0.15148397462053254], [33.1542744189876, 0.14845297461783957], [33.15453341898797, 0.14409297461361348], [33.15912641899217, 0.14022597461007535], [33.16035841899338, 0.12806797459870722], [33.16653841899915, 0.12558997459655075], [33.16681241899937, 0.119164974590376], [33.16912841900148, 0.11504997458655453], [33.17256941900473, 0.11278097458443881], [33.175987419007924, 0.11349497458513724], [33.1742894190063, 0.12656697459738098], [33.17652841900849, 0.13278197460317642], [33.174419419006426, 0.139881974609807]], [[33.14323441897727, 0.1596179746281905], [33.136333418970935, 0.1666819746346846], [33.13382741896862, 0.1662039746342998], [33.13271341896757, 0.16275097463108068], [33.13525741897001, 0.15817997462681888], [33.14120141897547, 0.15684697462552322], [33.14323441897727, 0.1596179746281905]], [[33.16554241899826, 0.1675919746355703], [33.16160941899443, 0.17490797464233765], [33.157493418990725, 0.1755659746429501], [33.15296941898646, 0.17048097463816703], [33.15367941898717, 0.16681297463492228], [33.161033418994066, 0.15998197462840835], [33.16554241899826, 0.1675919746355703]], [[33.04352941888442, 0.09480897456774073], [33.04786341888848, 0.0950719745680999], [33.04851541888911, 0.09966797457241228], [33.04734441888809, 0.10333197457566712], [33.04093141888211, 0.1062659745784913], [33.02978141887161, 0.1020479745745888], [33.02821341887034, 0.09836297457104592], [33.03007141887201, 0.09378697456691043], [33.03921541888053, 0.09225097456533149], [33.04352941888442, 0.09480897456774073]], [[33.169532419001825, 0.18369197465062825], [33.172927419004964, 0.18739097465390842], [33.174911419006776, 0.19658797466263422], [33.17739441900926, 0.20050997466614717], [33.17094841900325, 0.2080369746731776], [33.168201419000525, 0.20916397467431125], [33.16432541899712, 0.2084459746736229], [33.1625324189954, 0.20407097466954838], [33.16827741900079, 0.19906397466479575], [33.1692124190015, 0.19585697466186502], [33.1649474189976, 0.18641197465308323], [33.16611441899863, 0.1825179746494996], [33.169532419001825, 0.18369197465062825]], [[33.18898041902003, 0.20794397467307135], [33.196670419027214, 0.2174139746819037], [33.19436641902507, 0.22061097468485968], [33.18912841902011, 0.21850497468290087], [33.18118641901265, 0.2122469746771003], [33.183284419014626, 0.2067529746720993], [33.18898041902003, 0.20794397467307135]], [[32.74543341860681, 0.07156597454604707], [32.74449941860598, 0.07454297454887637], [32.73829641860016, 0.07931297455343156], [32.73418841859643, 0.07950897455361883], [32.73328741859564, 0.07789497455200944], [32.74224041860384, 0.07131097454589508], [32.74543341860681, 0.07156597454604707]], [[32.65984741852708, 0.15786997462646468], [32.65591041852349, 0.16495397463313566], [32.650196418518135, 0.16605597463421873], [32.64723541851549, 0.16488297463297386], [32.647712418515994, 0.16259197463091368], [32.65872241852617, 0.15556597462432364], [32.65984741852708, 0.15786997462646468]]]}}, {"type": "Feature", "properties": {"name": "LAKE GEORGE"}, "geometry": {"type": "Polygon", "coordinates": [[[30.29535641632515, -2.5520421331748366e-08], [30.137516416178187, -2.5520421331748366e-08], [30.142845416183036, 0.012411974490987632], [30.137010416177645, 0.024051974501844597], [30.13424441617508, 0.026545974504188052], [30.131042416172022, 0.02719897450492681], [30.108415416151047, 0.00972797448844176], [30.10340341614642, 0.00898297448793528], [30.09216841613579, 0.01367497449223265], [30.09071941613456, 0.02100397449908087], [30.086824416130867, 0.022336974500376527], [30.079380416123968, 0.03510597451213471], [30.075277416120116, 0.03460097451170441], [30.05307741609954, 0.019887974498033145], [30.047157416094024, 0.018672974496894312], [30.042799416089792, 0.020688974498852986], [30.03886841608619, 0.025234974503064223], [30.038604416085946, 0.028444974505873688], [30.05596741610225, 0.04723597452357353], [30.063976416109654, 0.06568997454064629], [30.079530416124044, 0.06242397453752346], [30.083210416127486, 0.059939974535382134], [30.090963416134628, 0.06048697453593377], [30.092458416136196, 0.049256974525405894], [30.0850524161292, 0.03792497451490817], [30.08946641613329, 0.03108897450852055], [30.093111416136708, 0.03158997450896095], [30.099187416142286, 0.03923297451592589], [30.110525416152996, 0.04578897452211095], [30.123041416164597, 0.04891397452502133], [30.14028541618063, 0.058060974533646004], [30.15416341619357, 0.061889974537052694], [30.170263416208627, 0.07125297454581414], [30.17639941621428, 0.07361697454803107], [30.181648416219105, 0.07367597454799579], [30.195425416231956, 0.0866849745602849], [30.213234416248497, 0.08596697455959657], [30.21742041625248, 0.07889697455289024], [30.22239341625709, 0.08331397455708611], [30.229023416263317, 0.08224097455604351], [30.234098416268125, 0.07724797455148291], [30.242298416275617, 0.07871597455277879], [30.24756441628051, 0.07716797455145752], [30.250568416283386, 0.07375797454824351], [30.248090416281002, 0.07074697454527268], [30.237394416271172, 0.0681019745429694], [30.23627641627013, 0.06602397454093989], [30.244302416277606, 0.06244097453759423], [30.251154416283953, 0.062057974537310656], [30.255094416287648, 0.056362974532021326], [30.25715641628949, 0.055697974531312866], [30.260524416292583, 0.060784974536090886], [30.266971416298702, 0.0555769745312773], [30.278610416309448, 0.05547697453107503], [30.282060416312788, 0.05298997452882759], [30.284162416314757, 0.048652974524884485], [30.293571416323402, 0.043936974520420335], [30.303825416332984, 0.0451979745216704], [30.305902416334902, 0.04315497451966621], [30.306396416335474, 0.039716974516522896], [30.300853416330256, 0.024735974502618774], [30.302824416331987, 0.011444974490132154], [30.29535641632515, -2.5520421331748366e-08]], [[30.108783416151255, 0.017765974496114723], [30.118486416160295, 0.027515974505149643], [30.123249416164754, 0.030323974507837193], [30.12637341616778, 0.03655697451358719], [30.12428241616567, 0.03997597451666479], [30.12107241616286, 0.04131697451794025], [30.114006416156144, 0.04054897451715078], [30.10746041615016, 0.03404797451116792], [30.10017941614342, 0.03212897450930541], [30.094543416138094, 0.0258679745036261], [30.1007994161439, 0.017445974495785777], [30.104009416146937, 0.016104974494510316], [30.108783416151255, 0.017765974496114723]]]}}, {"type": "Feature", "properties": {"name": "LAKE VICTORIA"}, "geometry": {"type": "Polygon", "coordinates": [[[32.367466418254935, -2.5520421331748366e-08], [32.29679141818906, -2.5520421331748366e-08], [32.30963541820097, 0.007331974486305626], [32.30410741819583, 0.013481974492151494], [32.2986184181907, 0.01481197449334104], [32.26507141815955, 0.042064974518552845], [32.26020841815489, 0.05028597452633221], [32.261562418156245, 0.051903974527931496], [32.2695584181638, 0.05105597452711663], [32.275745418169436, 0.04789597452418093], [32.28625541817928, 0.04683897452309793], [32.296371418188755, 0.03774497451468051], [32.30828441819972, 0.032338974509684704], [32.31445741820562, 0.03078497450815121], [32.32380641821419, 0.03178397450915327], [32.324962418215364, 0.02995797450739701], [32.32408541821451, 0.025818974503636127], [32.327324418217586, 0.02056697449870626], [32.333515418223215, 0.017177974495552917], [32.337848418227395, 0.017214974495573188], [32.34556941823439, 0.02164197449974381], [32.35061641823927, 0.01847197449660598], [32.356556418244736, 0.017833974496170413], [32.35905041824708, 0.019461974497517076], [32.362190418250066, 0.026144974503949925], [32.36447541825214, 0.02593497450357063], [32.37115841825835, 0.01818897449652468], [32.37237141825949, 0.009705974488497304], [32.367466418254935, -2.5520421331748366e-08]]]}}, {"type": "Feature", "properties": {"name": "LAKE GEORGE"}, "geometry": {"type": "Polygon", "coordinates": [[[30.000000416049943, -0.15752702566715016], [30.000000416049943, -0.1491890256595525], [30.007886416057318, -0.14692202565743173], [30.017868416066676, -0.1385920256495865], [30.03041041607844, -0.13782202564880208], [30.044069416091133, -0.13314202564447442], [30.046783416093604, -0.12991002564149312], [30.050367416096833, -0.12001402563237207], [30.05535141610153, -0.11493102562758395], [30.06308741610883, -0.11189602562467371], [30.072227416117357, -0.11390202562665763], [30.079506416124104, -0.11064102562363587], [30.081287416125633, -0.10420102561761269], [30.085350416129586, -0.0977450256116299], [30.08966641613347, -0.09519102560921056], [30.098375416141607, -0.10110402561463161], [30.105671416148425, -0.10036702561387756], [30.116581416158624, -0.09455602560865373], [30.123348416164845, -0.08326202559806006], [30.128805416170053, -0.08047102559544328], [30.14635441618634, -0.07828902559344897], [30.14724941618715, -0.07552802559075644], [30.145149416185177, -0.06865502558434855], [30.1474094161872, -0.06588502558179243], [30.15107541619068, -0.06792702558368546], [30.15238141619193, -0.05896402557550573], [30.1453814161855, -0.036283025554212145], [30.14579041618572, -0.02939302554796086], [30.143932416184043, -0.024585025543501615], [30.130201416171303, -0.018018025537230642], [30.131067416172073, -0.011355025530974672], [30.137516416178187, -2.5520421331748366e-08], [30.29535641632515, -2.5520421331748366e-08], [30.290037416320047, -0.0082250255281906], [30.277774416308603, -0.015884025535342516], [30.274606416305687, -0.01957802553874899], [30.269250416300792, -0.0366020255546573], [30.26248341629457, -0.04720902556437068], [30.25270841628526, -0.052325025569189165], [30.240026416273622, -0.06549602558152401], [30.238298416271846, -0.0792820255942388], [30.22967341626395, -0.08554002560026674], [30.21505541625038, -0.08288202559765523], [30.196582416233014, -0.08392402559866241], [30.187027416224282, -0.08743202560185637], [30.18112541621872, -0.09183302560609263], [30.179058416216776, -0.09001002560444249], [30.170164416208536, -0.09029902560450864], [30.167860416206395, -0.08710002560155772], [30.171718416209842, -0.08409002559892542], [30.180175416217708, -0.08655902560121831], [30.18290341622037, -0.08516402559985181], [30.185388416222622, -0.08170302559665288], [30.183996416221362, -0.07826902559349946], [30.18078841621832, -0.07622402559150032], [30.163684416202386, -0.07702702559231511], [30.156629416195983, -0.07959802559457785], [30.154386416193802, -0.08512302559984164], [30.1359444161767, -0.0902960256046299], [30.12798641616928, -0.0942510256084006], [30.12232441616402, -0.1002580256138117], [30.106422416149144, -0.11000502562296788], [30.098671416141997, -0.1109740256238183], [30.092075416135685, -0.11400202562663253], [30.08618941613031, -0.12069802563291887], [30.079374416123983, -0.12487602563692235], [30.067514416113, -0.12541202563738807], [30.04820241609491, -0.1372480256484323], [30.04117741608843, -0.1441810256546887], [30.01772541606647, -0.1512210256612434], [30.008192416057682, -0.15862902566823323], [30.00270441605244, -0.15682802566652754], [30.000000416049943, -0.15752702566715016]], [[30.16624841620478, -0.018927025538232556], [30.160350416199435, -0.023788025542671676], [30.15675941619611, -0.03230502555061321], [30.16107041620012, -0.061891025578233894], [30.160263416199314, -0.07015202558591227], [30.165691416204254, -0.07035502558596818], [30.168903416207286, -0.07308802558850402], [30.172287416210565, -0.06732702558315395], [30.176155416213987, -0.06592302558192387], [30.178396416216174, -0.060169025576442436], [30.172842416211097, -0.048727025565995064], [30.17441141621248, -0.044814025562345705], [30.178272416216032, -0.0422630255598051], [30.179575416217176, -0.03284302555107388], [30.178146416215895, -0.024128025542950127], [30.17561941621352, -0.02162002554064202], [30.171062416209224, -0.02233902554121414], [30.16624841620478, -0.018927025538232556]], [[30.15506741619447, -0.01831302553750902], [30.162555416201485, -0.01275402553233107], [30.16390041620275, -0.00930102552911194], [30.162506416201268, -0.005408025525639459], [30.156322416195508, -0.0020060255224052526], [30.151767416191433, -0.002954025523195014], [30.141105416181517, -0.011748025531460371], [30.14066341618104, -0.013587025533070118], [30.144334416184392, -0.016777025536157453], [30.14687941618672, -0.022040025540945862], [30.15145341619109, -0.023617025542534975], [30.15506741619447, -0.01831302553750902]]]}}, {"type": "Feature", "properties": {"name": "LAKE VICTORIA"}, "geometry": {"type": "Polygon", "coordinates": [[[33.92501041970536, -0.9833380264362859], [33.91667941969763, -0.9833380264362859], [33.91667941969763, -0.9916710264440098], [33.6666794194648, -0.9916710264440098], [33.6666794194648, -1.000005026451845], [33.65001341944935, -1.000005026451845], [33.65001341944935, -0.9916710264440098], [31.840181417763915, -0.9916710264440098], [31.839475417763197, -0.985584026438346], [31.83742341776133, -0.9835130264364125], [31.832168417756293, -0.9839660264369741], [31.82873941775324, -0.986489026439358], [31.827673417752067, -0.9916710264440098], [31.790305417717263, -0.9916710264440098], [31.790823417717775, -0.9878110264405677], [31.78238841771008, -0.9724000264261576], [31.78057641770829, -0.9572290264120511], [31.770757417699087, -0.9556060264105781], [31.77831441770627, -0.9367720263928732], [31.77718141770515, -0.9291870263859892], [31.769432417698, -0.9146970263723233], [31.767845417696435, -0.904813026363172], [31.774045417702155, -0.8731100263337339], [31.772453417700717, -0.8669030263279183], [31.766067417694785, -0.8590800263204983], [31.75214941768172, -0.8475690263098841], [31.7443884176746, -0.8438800263063513], [31.734798417665615, -0.843176026305855], [31.71446641764669, -0.8488870263111039], [31.71058641764307, -0.8475030263098233], [31.703514417636597, -0.8405980263032689], [31.69986941763318, -0.833468026296714], [31.698280417631622, -0.8256530262895012], [31.700138417633298, -0.7990010262647047], [31.7040364176371, -0.784991026251646], [31.720283417652126, -0.7560650262246327], [31.72371341765529, -0.7528530262216009], [31.72761541765908, -0.735397026205419], [31.731048417662123, -0.7289690261993655], [31.75321741768289, -0.7101630261818173], [31.76648741769509, -0.6862890261595567], [31.786609417713862, -0.6598980261351244], [31.80580541773179, -0.6443030261204967], [31.805351417731345, -0.6415460261180215], [31.800556417726966, -0.6415390261179255], [31.798052417724648, -0.6346420261115782], [31.787555417714884, -0.6302610261075188], [31.783910417711468, -0.6219850260997646], [31.7887284177159, -0.6008570260801207], [31.78782841771499, -0.5882190260683728], [31.79035341771737, -0.5746690260557443], [31.794014417720746, -0.5689310260504499], [31.80475441773092, -0.5588400260410253], [31.818697417743806, -0.5423200260256635], [31.820535417745532, -0.5308360260148675], [31.830597417754916, -0.514082025999187], [31.834949417758935, -0.5003050259865631], [31.840660417764184, -0.4957190259822255], [31.843408417766796, -0.48768302597477486], [31.891384417811423, -0.4470930259369652], [31.911256417829918, -0.43356802592438726], [31.92039441783845, -0.42485202591615234], [31.927482417845113, -0.4119990259041515], [31.956495417872247, -0.3842450258782719], [31.965179417880336, -0.37208302586714126], [31.97386541788842, -0.35601702585199746], [31.98599041789953, -0.32341902582174953], [31.990560417903907, -0.3163050258151543], [32.01248541792438, -0.2981880257982539], [32.019561417930845, -0.2965890257967203], [32.02389541793491, -0.29751302579757066], [32.03438541794458, -0.3074020258068231], [32.03529741794546, -0.31061802580984477], [32.03323741794361, -0.31521002581416724], [32.03392041794427, -0.31911402581772563], [32.03711741794723, -0.3198070258183634], [32.04054241795052, -0.31659602581544277], [32.04237341795215, -0.30787102580734427], [32.02915241793971, -0.2876450257883789], [32.029617417940244, -0.27800002577941996], [32.02346441793452, -0.26880602577080026], [32.01662041792815, -0.26443402576683184], [32.013435417925166, -0.2490440257524824], [32.00864841792077, -0.24490402574861037], [31.990619417903872, -0.24419202574790688], [31.9860574178997, -0.24257802574652487], [31.982181417896072, -0.23798102574210134], [31.979904417893977, -0.23269702573725226], [31.981968417895814, -0.22167602572699252], [31.988369417901822, -0.20859402571477403], [31.989971417903234, -0.20170802570828528], [31.989750417903224, -0.1945880257017052], [31.986105417899807, -0.18585802569350562], [31.981546417895515, -0.17988102568801878], [31.962165417877486, -0.16148602567091075], [31.957601417873093, -0.1635470256728695], [31.949144417865227, -0.17938002568757838], [31.94458041786106, -0.1809820256889907], [31.93704441785394, -0.18717202569473557], [31.93429741785144, -0.19612402570305676], [31.92972741784729, -0.20300702570966678], [31.926761417844546, -0.2020840257087002], [31.931116417848443, -0.181653025689684], [31.941166417857858, -0.17064402567939396], [31.936607417853565, -0.16443802567368948], [31.929306417846874, -0.16305102567230279], [31.92725541784489, -0.15937302566885592], [31.92885641784642, -0.15662002566637057], [31.938673417855625, -0.15089202566105087], [31.94918241786536, -0.13575202564697975], [31.949871417866007, -0.13184902564330514], [31.941200417858, -0.13160702564300664], [31.933212417850427, -0.13343402564487405], [31.927049417844728, -0.13687002564802242], [31.923175417841094, -0.12974702564133622], [31.92569141784338, -0.124469025636472], [31.93002741784744, -0.12309702563516112], [31.940750417857544, -0.1244890256364215], [31.945316417861704, -0.12219802563436133], [31.955598417871215, -0.10545002561866568], [31.97500641788929, -0.09032102560468047], [31.991212417904535, -0.0809280255957674], [31.9969174179098, -0.07978702559489648], [32.010376417922316, -0.0850850255997102], [32.02543641793636, -0.08257802559751326], [32.04232041795217, -0.08328702559811063], [32.048252417957656, -0.08513102559982144], [32.05417641796316, -0.09271502560682165], [32.057827417966564, -0.09478602560875515], [32.063301417971616, -0.09433302560842094], [32.07836941798564, -0.08401802559865246], [32.07632041798365, -0.07919502559434477], [32.069477417977396, -0.07620202559155587], [32.058078417966726, -0.060575025577009], [32.052669417961624, -0.059794025576138665], [32.050399417959625, -0.054606025571274586], [32.04854541795794, -0.05522802557197792], [32.05060541795979, -0.06020902557656882], [32.043476417953116, -0.06331302557941854], [32.03115441794171, -0.06513402558107373], [32.02613841793709, -0.05870002557526277], [32.02637841793717, -0.04768002556488682], [32.02227441793343, -0.04101602555874706], [32.02341841793441, -0.038492025556251974], [32.03071941794133, -0.03666402555472814], [32.04166741795143, -0.041269025558904104], [32.060611417969085, -0.033027025551291445], [32.06312141797139, -0.030275025548689882], [32.074302417981926, -0.029140025547576442], [32.07864041798598, -0.02524102554411911], [32.08251941798949, -0.025017025543775162], [32.08617041799289, -0.021807025540738323], [32.09027841799684, -0.021581025540626797], [32.095523418001676, -0.024343025543203112], [32.101677418007284, -0.03399202555215197], [32.11034041801531, -0.04066002555828163], [32.11467341801949, -0.04709402556431996], [32.11969041802422, -0.04778802556506889], [32.12333641802752, -0.05330302557013056], [32.13565841803893, -0.052856025569781195], [32.141815418044644, -0.05584802557245894], [32.14546541804816, -0.06021502557655367], [32.15025341805267, -0.06205602557838574], [32.15709341805905, -0.06872202558452045], [32.16051441806212, -0.0698730255855935], [32.17078741807177, -0.06437402558049143], [32.17512141807583, -0.0641490255802637], [32.19040341809, -0.0728900255883218], [32.194511418093725, -0.06945002558518354], [32.19656741809581, -0.06945202558517849], [32.19861641809757, -0.07358702558894947], [32.20044341809944, -0.07335802558873183], [32.2013584181002, -0.06899802558473311], [32.1990814180981, -0.059351025575779204], [32.200683418099516, -0.05361402557036854], [32.20593241810434, -0.04627202556366683], [32.217346418115085, -0.039855025557699264], [32.21963141811716, -0.03228002555056264], [32.2178074181154, -0.025161025543866344], [32.21188341810989, -0.017349025536759655], [32.204711418103216, -2.5520421331748366e-08], [32.243404418139335, -2.5520421331748366e-08], [32.25340641814864, -0.012568025532118554], [32.25841941815338, -0.028873025547454745], [32.261837418156574, -0.03140202554982352], [32.26617441816052, -0.030947025549266982], [32.27142341816534, -0.02704902554569344], [32.277355418171055, -0.028431025546979072], [32.282146418175444, -0.022007025540915492], [32.28967641818235, -0.025917025544686112], [32.28990541818257, -0.0183410255376657], [32.29515841818761, -0.012607025532361149], [32.29242341818508, -0.006864025526965634], [32.2926524181853, -0.002732025523073389], [32.29679141818906, -2.5520421331748366e-08], [32.367466418254935, -2.5520421331748366e-08], [32.36634041825391, -0.0034830255237920937], [32.35721241824535, -0.012659025532229862], [32.356067418244265, -0.01816802553753405], [32.35857741824657, -0.019089025538278293], [32.36154541824931, -0.015417025534816275], [32.36473841825227, -0.01794602553718505], [32.36907541825644, -0.011061025530807456], [32.374549418261495, -0.011295025531126157], [32.37774641826445, -0.009461025529390099], [32.382991418269285, -0.014057025533702472], [32.38459041827082, -0.012221025531971463], [32.38413241827038, -0.008777025528615923], [32.37683541826368, -0.004640025524849989], [32.37501141826192, -0.0016530255220459367], [32.37587741826269, -2.5520421331748366e-08], [32.430255418313436, -2.5520421331748366e-08], [32.433872418316696, -0.001238025521615782], [32.43469241831758, -2.5520421331748366e-08], [32.74811941860935, -2.5520421331748366e-08], [32.75760241861826, -0.01954502553871862], [32.75988741862034, -0.030795025549195998], [32.763992418624184, -0.03699502555491563], [32.769470418629226, -0.039752025557618254], [32.77357441863319, -0.03814602555598867], [32.77562741863494, -0.03355502555177736], [32.77288841863242, -0.023452025542383126], [32.77448641863407, -0.018631025537843016], [32.78680441864549, -0.01978302553902722], [32.79045841864877, -0.023458025542367977], [32.79296441865108, -0.022311025541284835], [32.79387641865196, -0.014964025534482062], [32.79706941865493, -0.011521025531237683], [32.79592941865394, -0.006929025526915211], [32.797298418655146, -0.003945025524217272], [32.79980841865745, -0.004634025524865137], [32.80227641865986, -2.5520421331748366e-08], [33.933345419713305, -2.5520421331748366e-08], [33.933345419713305, -0.008338025528246362], [33.94167741972092, -0.008338025528246362], [33.94167741972092, -0.041671025559253394], [33.950012419728864, -0.041671025559253394], [33.950012419728864, -0.06667102558253646], [33.95834341973659, -0.06667102558253646], [33.95834341973659, -0.10000502561365465], [33.96667841974431, -0.10000502561365465], [33.96667841974431, -0.12500502563693772], [33.975010419751925, -0.12500502563693772], [33.975010419751925, -0.13333802564466168], [33.96667841974431, -0.13333802564466168], [33.96667841974431, -0.19167102569895178], [33.95834341973659, -0.19167102569895178], [33.95834341973659, -0.25000502575335304], [33.950012419728864, -0.25000502575335304], [33.950012419728864, -0.30833802580764313], [33.94167741972092, -0.30833802580764313], [33.94167741972092, -0.35833802585420926], [33.933345419713305, -0.35833802585420926], [33.933345419713305, -0.4083380259007754], [33.92501041970536, -0.4083380259007754], [33.92501041970536, -0.4583380259473415], [33.91667941969763, -0.4583380259473415], [33.91667941969763, -0.8750050263354296], [33.92501041970536, -0.8750050263354296], [33.92501041970536, -0.9833380264362859]], [[31.790870417717997, -0.9427670263985419], [31.78561941771295, -0.9411500263970538], [31.787662417714955, -0.9519550264071768], [31.79063241771769, -0.9519590264071667], [31.790870417717997, -0.9427670263985419]], [[32.29550541818776, -0.7315050262018303], [32.30784241819947, -0.7163500261876834], [32.30898641820045, -0.7133650261848743], [32.30761741819924, -0.7101470261818577], [32.297340418189606, -0.7154230261867269], [32.29596741818841, -0.722084026192988], [32.28888341818174, -0.728053026198495], [32.28911241818196, -0.7310390262014153], [32.292080418184696, -0.7326500262029185], [32.29550541818776, -0.7315050262018303]], [[32.32704141821728, -0.6722540261466747], [32.331836418221656, -0.6708800261453689], [32.334579418224166, -0.6665160261411529], [32.337326418226894, -0.6529640261285294], [32.34212141823127, -0.6463050261224907], [32.33961141822897, -0.6426270261190439], [32.33664341822623, -0.6433140261196968], [32.32955941821956, -0.6554840261310346], [32.32681641821705, -0.6667390261413857], [32.322933418213324, -0.6708720261453891], [32.32224641821267, -0.6743170261486284], [32.323841418214215, -0.6786840261524958], [32.32704141821728, -0.6722540261466747]], [[32.310623418201885, -0.6274390261048666], [32.308570418200134, -0.6228420261006704], [32.306057418197724, -0.6232990261009945], [32.30468741819641, -0.6269740261043353], [32.306739418198276, -0.6340980261111326], [32.304451418196095, -0.6393800261159868], [32.29919841819128, -0.6435110261197678], [32.296913418189206, -0.6540770261296984], [32.299877418191954, -0.656607026131951], [32.305133418196874, -0.6460430261222427], [32.31381241820486, -0.6421450261184418], [32.31290041820398, -0.637319026114028], [32.319526418210216, -0.62951402610679], [32.316787418207696, -0.6253760261029129], [32.31359141820462, -0.6279000261051806], [32.310623418201885, -0.6274390261048666]], [[32.356506418244635, -0.6447080261209521], [32.35514041824331, -0.6378140261144836], [32.359943418247894, -0.6150740260934526], [32.35857441824669, -0.6109380260895705], [32.353550418241866, -0.6116220260901173], [32.35012441823869, -0.6143760260927138], [32.34875541823749, -0.618971026096915], [32.35103241823958, -0.6297710261069369], [32.34577541823478, -0.645388026121509], [32.348056418236865, -0.6495260261253861], [32.356506418244635, -0.6447080261209521]], [[32.25514941815027, -0.6108470260894592], [32.253555418148835, -0.6062500260850356], [32.24876041814423, -0.6094630260881786], [32.24875641814424, -0.6122200260906538], [32.244419418140296, -0.6124450260908816], [32.24099341813712, -0.6179560260959533], [32.24235941813845, -0.6200240260980081], [32.244644418140524, -0.6202570260982156], [32.24898541814446, -0.614057026092496], [32.25126641814677, -0.6145190260929212], [32.25514941815027, -0.6108470260894592]], [[32.195800418094905, -0.5910310260710503], [32.193065418092374, -0.5839070260642529], [32.192840418092146, -0.5786230260594039], [32.189182418088876, -0.587579026067715], [32.1919214180914, -0.5921770260720223], [32.195800418094905, -0.5910310260710503]], [[32.22412841812138, -0.5637220260455251], [32.221386418118755, -0.5641790260458492], [32.21796041811558, -0.5696890260510372], [32.21430541811219, -0.5703740260516952], [32.212936418110985, -0.5731300260542866], [32.21521741811307, -0.5747400260556788], [32.21932641811691, -0.5740550260552482], [32.22183641811921, -0.5800310260606238], [32.22525741812251, -0.580493026061049], [32.2316594181284, -0.5701620260515483], [32.23782341813421, -0.5699380260512044], [32.23873541813509, -0.568560026050136], [32.237594418133995, -0.5662620260479798], [32.22960241812643, -0.5676320260490684], [32.22412841812138, -0.5637220260455251]], [[32.08420141799115, -0.2197330257251906], [32.073024417980605, -0.21512702572090348], [32.069374417977315, -0.21512302572091357], [32.067317417975346, -0.21833502572394536], [32.0679974179759, -0.22637402573127474], [32.070274417978, -0.22936202573418996], [32.075981417983485, -0.23120602573590077], [32.077800417985145, -0.2351120257394541], [32.076889417984376, -0.23809602574215205], [32.0700374179778, -0.24405902574790161], [32.064102417972435, -0.24543002574910133], [32.05269241796168, -0.24449802574827117], [32.05109041796027, -0.24977802575313035], [32.05815941796686, -0.25690602575969024], [32.067058417975204, -0.2582940257609607], [32.07435641798202, -0.2674890257696916], [32.078235417985525, -0.26818202577032935], [32.084171417991, -0.26313702576567266], [32.09877441800472, -0.2679760257701673], [32.10196641800758, -0.27326202577501135], [32.09922441800518, -0.2776220257790101], [32.09922041800496, -0.28175602578289727], [32.10469441801024, -0.2877330257883841], [32.113594418018465, -0.2904990257909503], [32.11564241802034, -0.29325702579353674], [32.11244541801739, -0.3003730258003543], [32.10102441800677, -0.3111540258103105], [32.10512941801062, -0.3148340258137523], [32.116313418021036, -0.3157650258146987], [32.12543841802949, -0.319680025818343], [32.153736418055814, -0.32315502582150657], [32.15784441805977, -0.32798202582603153], [32.16149541806317, -0.32936502582720095], [32.1717644180726, -0.32776702582577855], [32.17701341807742, -0.32915102582705913], [32.18020641808039, -0.33351802583115386], [32.18271641808292, -0.33444002583200927], [32.185913418085875, -0.3339830258314578], [32.1888804180885, -0.33054102582832456], [32.19071241809024, -0.32319302582141063], [32.19459141809398, -0.32159002582011453], [32.20075241809968, -0.325960025824088], [32.20965241810791, -0.32459102582288324], [32.217411418115034, -0.32781402582577357], [32.22699741812403, -0.32713402582521667], [32.22973641812655, -0.32966302582758544], [32.229274418126124, -0.33770102583503103], [32.23771641813414, -0.34184302583889803], [32.239540418135675, -0.34689802584352947], [32.234058418130644, -0.3535540258496894], [32.23291041812968, -0.3657260258610222], [32.23701441813341, -0.36917402586436765], [32.242267418138226, -0.3636680258591696], [32.24546441814118, -0.36298102585851666], [32.24865741814415, -0.36574002586121424], [32.2516214181469, -0.3728640258677842], [32.249107418144604, -0.38296702587717846], [32.2513844181467, -0.38985902588365207], [32.257091418152186, -0.39239202588601074], [32.253891418149124, -0.39881902589195306], [32.25411641814935, -0.4045620258973486], [32.257537418152424, -0.41145602590381714], [32.25502341815013, -0.41398002590608485], [32.250003418145525, -0.4089220259013473], [32.24590341814178, -0.39674502588991345], [32.24362141813958, -0.39490502588819254], [32.239963418136085, -0.4043190258971663], [32.237682418134, -0.4047760258974904], [32.23746141813376, -0.3900760258839], [32.23403541813059, -0.3923690258859551], [32.22901541812598, -0.3898380258835914], [32.22171441811906, -0.3912100258849023], [32.21189841810997, -0.3895910258834192], [32.21098341810921, -0.3944140258877269], [32.21645741811426, -0.40062102589354254], [32.209835418108014, -0.40750502590003634], [32.19293641809236, -0.4192020259108631], [32.175586418076136, -0.42400902591543854], [32.17284441807374, -0.42928802592041393], [32.174892418075615, -0.4359520259265537], [32.17420541807496, -0.43847802592881635], [32.16873141806991, -0.4341080259248429], [32.16599241806716, -0.43387502592463534], [32.16416541806552, -0.43892702592938804], [32.164844418066195, -0.44329202593326045], [32.16712541806828, -0.4467400259366059], [32.17557141807629, -0.44950502593906094], [32.17785241807837, -0.4531830259425078], [32.174423418075094, -0.45685402594608604], [32.16415041806545, -0.4577620259467494], [32.16460441806589, -0.46281602595149707], [32.169624418070725, -0.4646590259533241], [32.17167641807259, -0.46810702595644216], [32.16916641807029, -0.47269802596065347], [32.16049241806218, -0.4717700259598132], [32.15912241806086, -0.47291702596089635], [32.15591841805781, -0.4823320259697539], [32.151580418053754, -0.4841650259713788], [32.149753418052114, -0.4876090259747343], [32.151577418053876, -0.4922050259788193], [32.158199418059894, -0.4876180259745979], [32.16207841806363, -0.48900002597588355], [32.15475841805687, -0.5112740259967268], [32.15221041805444, -0.5106890259960437], [32.14928841805158, -0.5009320259871402], [32.14426441804699, -0.5004660259864977], [32.14015941804314, -0.4974760259838149], [32.13650541803986, -0.49770202598392643], [32.13490641803833, -0.501146025987282], [32.13536041803877, -0.5055110259913818], [32.139690418042846, -0.5114890259969798], [32.148365418050844, -0.5163210260013784], [32.14859041805107, -0.5190780260038537], [32.14585141804855, -0.520224026005053], [32.1369514180401, -0.5151600260003306], [32.135578418038904, -0.5183760260033523], [32.13763041804077, -0.5225120260072345], [32.14128141804417, -0.5238950260084039], [32.14310841804604, -0.5266530260109903], [32.137168418040346, -0.5321600260160722], [32.140133418043206, -0.5342300260181219], [32.14698441804944, -0.5298730260140019], [32.14904041805153, -0.5303350260144271], [32.152916418055156, -0.5372310260208906], [32.158626418060294, -0.5351700260189318], [32.1583944180602, -0.5418310260251928], [32.16067541806228, -0.5418330260251878], [32.1670724180683, -0.5340290260178335], [32.16730141806852, -0.5310430260151406], [32.16251341806401, -0.5236870260082469], [32.16731241806838, -0.5170300260019758], [32.17028441807133, -0.5085350259942061], [32.16823241806924, -0.5057760259915085], [32.168235418069344, -0.4991140259853637], [32.173713418074385, -0.500038025986214], [32.18056441808085, -0.49683002598317216], [32.187637418087434, -0.5000520259861787], [32.191062418090496, -0.49959702598584954], [32.19586141809509, -0.49340002598000865], [32.20544841810397, -0.4929500259795532], [32.203853418102426, -0.48996202597686533], [32.19631941809553, -0.48926502597623767], [32.191757418091356, -0.4846660259718192], [32.19312641809256, -0.4816810259690101], [32.202720418101535, -0.4738810259618731], [32.20066841809944, -0.4711230259592867], [32.191764418091225, -0.46720902595552616], [32.18674841808661, -0.4623800259512336], [32.19017441808978, -0.4584780259474428], [32.2061504181047, -0.46125002594999387], [32.207294418105676, -0.45964402594859166], [32.20569641810425, -0.45596702594525595], [32.20912541810753, -0.4518360259412475], [32.213005418110924, -0.45046202593994167], [32.219165418116745, -0.45529202594457274], [32.22076441811828, -0.45115802594068555], [32.22464341812179, -0.45322902594261905], [32.229209418126175, -0.45277502594217367], [32.2321814181289, -0.44703502593688427], [32.23446241813099, -0.4468080259366616], [32.241306418137356, -0.4537050259430089], [32.24610141814196, -0.4539390259433276], [32.252262418147666, -0.4569310259460053], [32.24906541814471, -0.4592250259481716], [32.23742341813386, -0.4617410259504595], [32.23445541813112, -0.46541302595392153], [32.23650741813299, -0.46840102595683675], [32.23970041813595, -0.46932402595757594], [32.24335441813923, -0.4679490259563863], [32.24746341814307, -0.4686410259569129], [32.25020241814559, -0.46657702595507544], [32.25111441814647, -0.47117102595939286], [32.247917418143516, -0.4750730259629563], [32.25202141814748, -0.4796720259671474], [32.24996541814539, -0.4833450259707206], [32.2524754181477, -0.48587502597297316], [32.25772841815274, -0.4851900259723152], [32.266403418160735, -0.4799150259675571], [32.26206941815667, -0.47531702596324976], [32.26229841815689, -0.4723300259604457], [32.26526641815963, -0.4688880259570851], [32.26960741816379, -0.46820302595665453], [32.27006541816422, -0.46085302594974564], [32.27280441816674, -0.4606250259494118], [32.280105418173434, -0.47073902595889194], [32.28398541817705, -0.47304002596115424], [32.28604141817914, -0.470744025958993], [32.285358418178475, -0.4670690259554249], [32.287185418180115, -0.46293502595176506], [32.2894664181822, -0.4675320259559612], [32.29220541818472, -0.46799302595627523], [32.29403341818647, -0.4642610259529647], [32.29403641818658, -0.4583480259473163], [32.291755418184266, -0.45558902594484607], [32.28650241817945, -0.45627402594550404], [32.285362418178465, -0.45374602594301905], [32.28696441817988, -0.4470860259368692], [32.286281418179215, -0.44111302593137225], [32.28308841817625, -0.43812402592857325], [32.27738141817099, -0.4404160259307446], [32.27624141817, -0.43559102592621457], [32.27898741817239, -0.4245680259159599], [32.27898741817239, -0.41698902590883336], [32.284011418177215, -0.4121690259044044], [32.28607141817906, -0.40574002589846714], [32.28082241817424, -0.39884402589200363], [32.2721634181662, -0.37724602587195477], [32.27148041816554, -0.36851802586375015], [32.27331141816717, -0.3577240258537131], [32.27948041817285, -0.345557025842254], [32.28427541817746, -0.3405090258377186], [32.29409041818644, -0.33799102583520835], [32.30253941819433, -0.32950102582731233], [32.308246418199815, -0.3285880258265479], [32.31645941820739, -0.3334170258310678], [32.32581741821605, -0.33365502583114903], [32.327873418217905, -0.3318190258296454], [32.327644418217915, -0.329522025827373], [32.32011841821077, -0.32101802581951233], [32.30688141819837, -0.3216960258200743], [32.305282418197066, -0.31893802581748787], [32.30961941820101, -0.3150380258139194], [32.30574441819749, -0.3083750258076634], [32.307346418198904, -0.30378302580334093], [32.3036954181955, -0.30194202580173624], [32.30049841819255, -0.3040060258035737], [32.29547841818794, -0.3035420258031536], [32.29571141818815, -0.293207025793663], [32.299820418191985, -0.2890770257897657], [32.30027741819231, -0.28494402578598965], [32.29137441818398, -0.28884002578956824], [32.28452641817762, -0.2945750257947566], [32.28155941817499, -0.29985502579984313], [32.283153418176425, -0.30261302580242955], [32.287719418180586, -0.3030760258027385], [32.28999741818279, -0.30606302580554257], [32.287029418180055, -0.31042502580953624], [32.271278418165366, -0.31707102581572144], [32.264888418159444, -0.3170650258157366], [32.261238418155926, -0.31361602581250736], [32.25896041815395, -0.303739025803452], [32.255767418150754, -0.298224025798163], [32.25873941815371, -0.29133702579179044], [32.258285418153264, -0.28720202578801945], [32.256233418151396, -0.28651102578737664], [32.25303641814821, -0.28788602578856626], [32.2502934181457, -0.29224702579267614], [32.2525754181479, -0.2966130257966597], [32.24435441814035, -0.30418402580380643], [32.23522541813168, -0.30440502580404427], [32.220852418118284, -0.2993390257993269], [32.21559941811347, -0.30530402580484406], [32.21286041811095, -0.3062210258055984], [32.207611418106126, -0.30346002580313325], [32.202362418101075, -0.30299502580260196], [32.200080418099105, -0.3046000258041204], [32.19710541809627, -0.3130940258120063], [32.194824418094186, -0.3137810258126592], [32.189579418089124, -0.30573802580533993], [32.17953541807992, -0.31169902581086717], [32.16880841806983, -0.3121470258113277], [32.16378741806511, -0.3107640258099309], [32.15580341805776, -0.302946025802612], [32.15466641805665, -0.29651502579667977], [32.155128418057075, -0.2887070257893356], [32.15970241806144, -0.27699902577842295], [32.15491441805693, -0.26872702577088603], [32.156742418058684, -0.26206902576450375], [32.15994241806152, -0.25885702576169933], [32.171352418072274, -0.2554240257584297], [32.17523941807576, -0.24784902575129308], [32.18003041808038, -0.2464770257499822], [32.182541418082565, -0.2439530257477145], [32.18140841808167, -0.23637402574058797], [32.19350441809297, -0.22857802573344088], [32.19236741809186, -0.22674002573171492], [32.184837418084726, -0.2223690257276303], [32.18095741808111, -0.22236402572752922], [32.176620418077164, -0.22465602572970056], [32.16908641807004, -0.23314602573759657], [32.165660418066864, -0.23314202573760667], [32.14946341805194, -0.22853202573332965], [32.14376441804666, -0.2204880257258992], [32.14125041804414, -0.22232302572751905], [32.13645941803975, -0.22002102572537297], [32.13189741803558, -0.22070502572614714], [32.12321841802736, -0.22758402573253989], [32.11135441801639, -0.22458602572964992], [32.10565541801111, -0.21929802572481094], [32.1020014180076, -0.21929402572482104], [32.09286841799917, -0.22571302573078356], [32.08921841799565, -0.22593902573089508], [32.08420141799115, -0.2197330257251906]], [[32.3293034182193, -0.1912730256985924], [32.32086141821151, -0.18460702569245768], [32.318126418208976, -0.1790930256872798], [32.307399418198884, -0.18436502569215918], [32.29827141819055, -0.18458702569250818], [32.29621541818847, -0.1877990256953126], [32.29780941819013, -0.19537902570255028], [32.30100241819309, -0.19653002570362332], [32.3135564182046, -0.1928670257000249], [32.31606641820713, -0.1935580257006677], [32.318573418209326, -0.2002200257070399], [32.32519141821558, -0.19678102570378542], [32.32838041821856, -0.21056202571662652], [32.33408741822382, -0.21033702571639878], [32.339786418229096, -0.22113502572642574], [32.33864641822811, -0.22297102572815675], [32.31354541820474, -0.22042402572583342], [32.31285841820409, -0.2227190257278835], [32.31536841820639, -0.2254770257304699], [32.32175441821232, -0.22709002573196813], [32.32677041821694, -0.23995502574393868], [32.33042141822034, -0.24248402574630745], [32.33316041822286, -0.24202702574598334], [32.33750141822702, -0.23192702573646784], [32.341835418231085, -0.23238902573689302], [32.34525641823416, -0.23652502574077516], [32.345481418234385, -0.24823802575178888], [32.3541484182424, -0.2592680257619122], [32.357799418245804, -0.26064902576331406], [32.36898041825634, -0.2592810257619931], [32.37400041826095, -0.2682410257702941], [32.3769644182637, -0.26939102577148333], [32.378338418265, -0.2631920257656475], [32.37674341826346, -0.25607102575895624], [32.38130941826785, -0.250793025754092], [32.38085141826741, -0.24780702575139912], [32.37628941826301, -0.24389902574762345], [32.3746944182617, -0.2393060257434172], [32.372413418259384, -0.23861502574277438], [32.3662494182538, -0.2422830257462465], [32.362140418249965, -0.24251002574646918], [32.357349418245576, -0.24021002574431805], [32.35142141823985, -0.234234025738715], [32.34799941823667, -0.22711202573191258], [32.349826418238536, -0.2211440257265167], [32.33864941822799, -0.20689602571314936], [32.33203541822195, -0.20344602571003634], [32.3293034182193, -0.1912730256985924]], [[32.564109418437965, -0.2141730257199015], [32.561371418435556, -0.21508902572077204], [32.55794541843238, -0.22128802572660788], [32.55292541842755, -0.22312202572834394], [32.55246741842711, -0.22702602573190234], [32.55497741842942, -0.22955402573438732], [32.56296541843699, -0.2249650257299436], [32.566162418439944, -0.2256560257305864], [32.572322418445765, -0.23208902573674095], [32.578937418451915, -0.2316340257361844], [32.58304641845575, -0.2339320257383406], [32.586242418458596, -0.2320960257366096], [32.58099341845377, -0.22543402573046478], [32.57939941845234, -0.21555902572117702], [32.576202418449384, -0.21440802572010398], [32.570724418444115, -0.21670202572227026], [32.564109418437965, -0.2141730257199015]], [[32.44589241832796, -0.2510710257542996], [32.44155541832379, -0.24647502574998725], [32.43608041831885, -0.24716002575064522], [32.434253418316985, -0.25037302575378817], [32.43744641832018, -0.25290202575615695], [32.44589241832796, -0.2510710257542996]], [[32.40390041828891, -0.2526470257557776], [32.4016194182866, -0.24989002575330233], [32.3979684182832, -0.24942802575287715], [32.3943174182798, -0.2510320257542844], [32.38860741827466, -0.2581470257609908], [32.391803418277505, -0.25929902576194763], [32.40390041828891, -0.2526470257557776]], [[32.30601141819761, -0.2236320257288753], [32.303504418195416, -0.22041502572574245], [32.29985041819191, -0.2201820257255349], [32.29254541818523, -0.227524025732464], [32.29756541818983, -0.22913602573385106], [32.30601141819761, -0.2236320257288753]], [[32.26540741815984, -0.19282402570001977], [32.27499741816882, -0.18295802569082298], [32.28275641817595, -0.17837202568671273], [32.29005841818275, -0.17723102568561444], [32.29188541818439, -0.17378802568237006], [32.29006241818274, -0.17126102567999624], [32.282306418175494, -0.16964602567850307], [32.2761464181699, -0.16206302567138664], [32.27249941816649, -0.16114102567053123], [32.267475418161666, -0.16435102567356807], [32.259944418154646, -0.1648040256739023], [32.258117418153006, -0.16824702567714667], [32.26085241815554, -0.17192302568059858], [32.26221841815686, -0.17904302568717867], [32.25970841815456, -0.18317402569118713], [32.252861418148086, -0.18362702569152134], [32.25103341814656, -0.18615102569378905], [32.25879241815369, -0.1875360256951808], [32.26061641815545, -0.18914502569668912], [32.26061641815545, -0.1937370257010116], [32.26540741815984, -0.19282402570001977]], [[33.89398541967648, -0.16928402567828016], [33.89557641967804, -0.1642300256735325], [33.89442841967707, -0.16078702567028813], [33.886665419669725, -0.1584990256681067], [33.8878214196709, -0.16676502567588614], [33.89238741967506, -0.16974502567859417], [33.89398541967648, -0.16928402567828016]], [[33.72298441951739, -0.09964502561319932], [33.71863141951326, -0.08564302560034776], [33.71680441951162, -0.08311802559796888], [33.71223841950723, -0.08197402559676448], [33.71087641950612, -0.08725602560184598], [33.71202441950709, -0.09345502560745444], [33.70975141950498, -0.09988502561350288], [33.70701641950245, -0.10241402561587165], [33.7004014194963, -0.10196002561542628], [33.69355041948984, -0.09921002561281966], [33.68192641947917, -0.10955302562251745], [33.66892641946697, -0.11185902562465344], [33.66801441946609, -0.1136970256263794], [33.67166941946948, -0.11828602563059576], [33.667347419465386, -0.12816302563987847], [33.668945419467036, -0.12999902564160948], [33.67327841947099, -0.1290760256406429], [33.67988941947715, -0.12287102563504959], [33.683082419480115, -0.122640025634837], [33.68765241948449, -0.12585102563775763], [33.694519419490916, -0.14306602565375215], [33.69908141949509, -0.14329202565386367], [33.7043344194999, -0.14673202565722931], [33.708438419503864, -0.14604002565647534], [33.71324541950821, -0.15590902566577824], [33.71781541951259, -0.16095702567031367], [33.719410419513906, -0.16049602566999965], [33.71688841951163, -0.15131402566134966], [33.72372041951803, -0.1384490256493791], [33.71801341951277, -0.13684602564785564], [33.717098419511785, -0.13524002564645343], [33.72256841951685, -0.13064302564225727], [33.72347641951774, -0.1255900256373934], [33.73191041952555, -0.12122002563341994], [33.733047419526656, -0.11892302563137491], [33.730304419524145, -0.11456302562714882], [33.72938541952317, -0.1069870256201284], [33.72298441951739, -0.09964502561319932]], [[33.87798341966163, -0.14863502565890485], [33.8722644196564, -0.1396850256505786], [33.86792741965223, -0.13831202564938394], [33.86702341965156, -0.14359402565423807], [33.86862541965297, -0.14795602565823174], [33.87798341966163, -0.14863502565890485]], [[33.21830341904729, -0.13482502564602328], [33.22536841905389, -0.12150502563372356], [33.22308341905182, -0.11989802563221019], [33.22011941904907, -0.12058802563274185], [33.21419541904356, -0.13275802564407968], [33.21533541904455, -0.13505502564635208], [33.21830341904729, -0.13482502564602328]], [[32.77038541863021, -0.07373302558926298], [32.775859418635264, -0.06891302558460666], [32.76901641862878, -0.06868102558451028], [32.76764641862769, -0.06477802558083567], [32.76832941862813, -0.06041502557673084], [32.76536541862538, -0.05674102557327387], [32.76057441862099, -0.05421402557090005], [32.757377418618034, -0.047096025564314914], [32.755550418616394, -0.03217202555038057], [32.74094741860267, -0.016784025536253466], [32.73957841860147, -0.021605025540566203], [32.741634418603326, -0.028264025546832272], [32.7498474186109, -0.036072025554176435], [32.75418441861507, -0.04388002556129322], [32.751674418612765, -0.05581802557253468], [32.757381418618024, -0.06730002558310844], [32.75760641861825, -0.07189202558743091], [32.7557834186166, -0.07418802558959214], [32.749851418611115, -0.07372602558916697], [32.746200418607714, -0.06109702557751007], [32.74574241860728, -0.05260202556951299], [32.740722418602445, -0.04272802556033639], [32.73775441859971, -0.03997202555774493], [32.73456141859674, -0.03974102555753234], [32.73205141859444, -0.04318402556077672], [32.734108418596406, -0.05535302557200339], [32.73022841859279, -0.062011025578158296], [32.735019418597176, -0.0711960255869144], [32.733196418595526, -0.0737210255890659], [32.72908841859157, -0.07303102558853425], [32.72589441858872, -0.05856502557503518], [32.71585441857928, -0.050755025567696066], [32.71152141857533, -0.049375025566405384], [32.70946541857347, -0.05052202556748853], [32.70878241857281, -0.05442502557116313], [32.714714418578296, -0.06751502558336142], [32.7242964185873, -0.0757840255910196], [32.71768141858115, -0.0801440255952457], [32.71813541858137, -0.08634302560085416], [32.716770418580154, -0.08955802560399206], [32.70285041856732, -0.0907010256050853], [32.70034041856479, -0.08909202560357699], [32.69965741856436, -0.08243302559731092], [32.69623141856118, -0.08702402560152223], [32.69509141855997, -0.0966680256105974], [32.69144041855657, -0.09528802560930671], [32.68961741855492, -0.08725102560174491], [32.684139418549876, -0.08541202560013517], [32.68254441854833, -0.07921202559418816], [32.68003441854603, -0.08104802559591917], [32.67934841854526, -0.08472102559949235], [32.68094641854691, -0.09000202560423531], [32.67569741854186, -0.09114902560531846], [32.674785418541205, -0.09665902561050643], [32.672275418538675, -0.09780602561158958], [32.66452041853154, -0.09458802560857293], [32.66178141852902, -0.09734202561116945], [32.662921418530004, -0.09940902561311304], [32.667484418534286, -0.10101802561462137], [32.668170418535055, -0.10515202561850856], [32.68185841854779, -0.10446802561773438], [32.68801841855338, -0.1095230256225932], [32.693496418558425, -0.10722902562042691], [32.69919941856392, -0.10883802562193523], [32.706501418570724, -0.1074640256206294], [32.70946841857335, -0.11366402562634903], [32.715629418579056, -0.11297802562580728], [32.721103418584335, -0.1214760256336831], [32.724983418587954, -0.12101702563313665], [32.72726441859004, -0.11344102562611624], [32.73570641859783, -0.11000002562286681], [32.73912841860101, -0.1024240256158464], [32.757381418618024, -0.10174102561518339], [32.7596664186201, -0.10289002561626148], [32.759208418619664, -0.10610402561928822], [32.75669841861736, -0.1088590256219959], [32.74711641860836, -0.11230002562501795], [32.743465418604956, -0.11781002563020593], [32.737991418599904, -0.12125202563333914], [32.73753341859947, -0.12354802563550038], [32.74187041860364, -0.12653402563842064], [32.75373441861461, -0.11942002563182541], [32.75806841861868, -0.1187330256311725], [32.76947741862932, -0.122640025634837], [32.772899418632505, -0.12172302563385529], [32.778602418637774, -0.11690302562942634], [32.79047041864874, -0.11231302562509882], [32.79776741865567, -0.10037502561408473], [32.80963141866664, -0.0930310256071607], [32.81282441866961, -0.08889902560326846], [32.81282441866961, -0.08522502559981149], [32.814876418671474, -0.08178202559656711], [32.81122541866807, -0.07673002559204178], [32.815788418672355, -0.07099002558652501], [32.81555941867214, -0.06410202558026867], [32.813961418670715, -0.0624950255787553], [32.800274418657864, -0.060655025577034394], [32.79821741865612, -0.05629202557292956], [32.78658341864525, -0.07350802558903524], [32.789779418648095, -0.07557602559086263], [32.79046241864876, -0.0783310255935703], [32.78772741864623, -0.08728502560188645], [32.78453441864326, -0.08797302560242315], [32.78156641864052, -0.08613502560069719], [32.77973941863888, -0.08039502559540779], [32.775634418635036, -0.08429702559897123], [32.77426541863383, -0.07947502559454733], [32.77038541863021, -0.08268802559746291], [32.76787541862791, -0.08199802559693126], [32.767417418627474, -0.07947302559455238], [32.77038541863021, -0.07373302558926298]], [[32.827877418683784, -0.055840025572479135], [32.82605341868202, -0.05377302557053554], [32.825824418681805, -0.04964102556664329], [32.82263141867884, -0.05032802556729621], [32.819435418675766, -0.05400102557086939], [32.81533041867192, -0.05468902557140609], [32.8137324186705, -0.0567550255734659], [32.81647141867302, -0.05859302557519186], [32.827877418683784, -0.055840025572479135]], [[33.15026441898385, -0.061133025577419176], [33.160301418993186, -0.05539102557213482], [33.15642141898957, -0.0537860255706164], [33.14980741898353, -0.05700002557364314], [33.15026441898385, -0.061133025577419176]], [[33.14113641897552, -0.05539502557212472], [33.14592341897992, -0.052180025569214195], [33.14979941898355, -0.04621002556359599], [33.15869941899177, -0.04597802556327224], [33.17123841900343, -0.031053025549454105], [33.15777941899091, -0.034270025552359584], [33.15504041898839, -0.03702502555506726], [33.14797241898168, -0.03886302555679322], [33.14272641897696, -0.04919602556628888], [33.13383141896861, -0.051723025568662706], [33.13269041896751, -0.053559025570393715], [33.13451741896915, -0.05585502557255495], [33.14113641897552, -0.05539502557212472]], [[32.83678041869189, -0.07834302559354], [32.83016241868586, -0.06479502558090644], [32.825824418681805, -0.061809025577986176], [32.822860418679056, -0.06226702557842145], [32.823089418679274, -0.06663002558252629], [32.83107741868662, -0.07742302559267955], [32.834270418689584, -0.07949002559462315], [32.83678041869189, -0.07834302559354]], [[33.256145419082486, -0.08636602560090978], [33.25523041908173, -0.08292202559778161], [33.25226541907887, -0.0820050255967999], [33.24952741907646, -0.08338302559809563], [33.24747841907447, -0.08705802560166376], [33.249763419076544, -0.09647102561029897], [33.2529604190795, -0.09784702561159975], [33.256145419082486, -0.08636602560090978]], [[33.2372204190649, -0.10428102561763808], [33.234024419061825, -0.1017560256152592], [33.225360419053914, -0.11140202562432933], [33.226276419054784, -0.11668302562907229], [33.2372204190649, -0.10428102561763808]], [[32.652652418520574, -0.10216002561560344], [32.65516241852288, -0.09642102561019783], [32.65311041852101, -0.09458302560869924], [32.64512241851344, -0.10215602561561354], [32.64740741851551, -0.10353502561702044], [32.652652418520574, -0.10216002561560344]], [[32.60656741847765, -0.07825902559329734], [32.599266418470734, -0.08169902559666298], [32.5853464184579, -0.0800840255951698], [32.582607418455154, -0.08444602559916348], [32.58488841845747, -0.08880902560326831], [32.59036641846251, -0.09087802560520686], [32.60154741847282, -0.09111402560529314], [32.60793341847875, -0.09800602561176674], [32.62344741849324, -0.09434002560828958], [32.625957418495545, -0.0948000256087198], [32.63006641849938, -0.098934025612607], [32.63211841850148, -0.09824702561195409], [32.632576418501685, -0.09480302560882592], [32.63097741850038, -0.09181802560601682], [32.618431418488626, -0.088138025602575], [32.61112941848182, -0.08928202560355203], [32.60656741847765, -0.07825902559329734]], [[32.6508294185187, -0.08011702559520018], [32.64421041851256, -0.081491025596506], [32.638736418507506, -0.08057002559553439], [32.64010641850882, -0.08470402559942158], [32.64694941851508, -0.08539602559994819], [32.6508294185187, -0.08011702559520018]], [[32.66360841853066, -0.015147025534588465], [32.66497841853197, -0.007112025527021615], [32.661098418528354, -0.01101302553070127], [32.659271418526714, -0.017900025537073816], [32.65288541852078, -0.013535025533201406], [32.64923441851738, -0.01559902553503889], [32.662010418529235, -0.02731402554604756], [32.67296241853933, -0.030763025549049416], [32.674785418541205, -0.02915602554776342], [32.672275418538675, -0.02410502554289451], [32.66360841853066, -0.015147025534588465]], [[32.351505418240095, -0.01908202553818228], [32.34717141823603, -0.012880025532467698], [32.3410154182302, -0.01425302553388974], [32.33895841822823, -0.01861302553788846], [32.34009941822933, -0.02022102553928562], [32.34511541823417, -0.019307025538410016], [32.350589418239224, -0.023444025542403324], [32.351505418240095, -0.01908202553818228]], [[33.915195419696374, -0.1616830256709818], [33.91336441969452, -0.1593890256690429], [33.90150041968354, -0.15940202566889639], [33.89968141968188, -0.16261902567202924], [33.90150841968352, -0.16514302567429695], [33.904247419686044, -0.1658290256748387], [33.915195419696374, -0.1616830256709818]], [[33.94328341972255, -0.1747410256832609], [33.939849419719394, -0.16831502567720236], [33.939155419718645, -0.16349402567266225], [33.93755741971722, -0.1628070256722367], [33.9361914197159, -0.16418602567341622], [33.93597041971566, -0.1699270256788168], [33.93734741971684, -0.1735990256822788], [33.94237141972167, -0.17680902568508827], [33.94328341972255, -0.1747410256832609]], [[32.306488418198114, -0.17678602568526003], [32.30672041819821, -0.17196402568060876], [32.300785418192845, -0.17264802568138293], [32.29759241818988, -0.17586002568418735], [32.29918641819131, -0.17953602568763927], [32.303520418195376, -0.17999802568806444], [32.306488418198114, -0.17678602568526003]], [[32.58531941845786, -0.31063802580979427], [32.57687741844984, -0.3085670258078608], [32.56820341844195, -0.30925202580851874], [32.56774541844152, -0.3106290258097033], [32.57231141844568, -0.3131570258121883], [32.5711674184447, -0.3202770258187684], [32.564548418438335, -0.3248670258230959], [32.56249641843647, -0.32808102582612264], [32.56386141843791, -0.3319860258297922], [32.573677418447005, -0.3347480258323685], [32.57778541845073, -0.3329120258306375], [32.580295418453034, -0.33796702583526894], [32.58280541845534, -0.3285520258264114], [32.587371418459725, -0.3246490258229642], [32.5907974184629, -0.325340025823607], [32.59239241846444, -0.33452802583201446], [32.597641418469266, -0.3322340258298482], [32.60174941847299, -0.3349920258324346], [32.604030418475304, -0.33384502583135145], [32.60585841847683, -0.3297120258275754], [32.611335418481985, -0.32764702582562677], [32.6090544184799, -0.32512002582325294], [32.61316341848374, -0.3140980258131094], [32.61179341848242, -0.3106530258098701], [32.59650041846817, -0.31730502581604014], [32.58531941845786, -0.31063802580979427]], [[32.72408341858704, -0.322185025820545], [32.72088641858409, -0.3189680258176395], [32.71244041857608, -0.31643802581515956], [32.70878941857268, -0.31712602581592364], [32.70673741857081, -0.3201100258186216], [32.70878941857268, -0.3240160258221749], [32.72157241858463, -0.3258580258238908], [32.72408341858704, -0.322185025820545]], [[32.53213541840819, -0.35792002585390037], [32.531452418407525, -0.33908702583630657], [32.52985741840621, -0.33472302583231794], [32.5225524183993, -0.334029025831569], [32.51981741839677, -0.3278260258257433], [32.50977741838733, -0.32070002581917834], [32.50772141838547, -0.3241440258223065], [32.513195418390524, -0.32965902582759554], [32.51616241839338, -0.33861902583589654], [32.51981341839678, -0.341836025838802], [32.51912641839613, -0.34551102584237015], [32.52186541839865, -0.350335025846789], [32.51980941839679, -0.3521720258484038], [32.51433141839175, -0.35285702584906176], [32.50885441838659, -0.3620410258577067], [32.50383341838187, -0.3629560258584661], [32.510223418387795, -0.3677840258631022], [32.52140841839832, -0.36021102585596054], [32.53030741840644, -0.36067602585649183], [32.53213541840819, -0.35792002585390037]], [[32.54856441842344, -0.37194102586681765], [32.55450041842914, -0.3645940258600149], [32.55358841842826, -0.3604600258561277], [32.55199041842684, -0.35954002585526723], [32.54651241842157, -0.36436002585992355], [32.542404418417846, -0.36481702586024767], [32.53989041841555, -0.3742320258691052], [32.53509941841094, -0.37216302586716665], [32.529621418405895, -0.3723890258672782], [32.51866541839581, -0.3769760258714996], [32.51341641839076, -0.3719190258668732], [32.51044841838802, -0.3710000258661239], [32.5063404183843, -0.37329302586817903], [32.50497041838298, -0.37627802587098813], [32.5063404183843, -0.37926602587367597], [32.512272418389784, -0.38455202587874737], [32.513183418390554, -0.38753802588144026], [32.51090241838847, -0.39236002588586416], [32.50496641838299, -0.3964910258898726], [32.494690418373466, -0.4102660259025015], [32.49994241837817, -0.41256602590465263], [32.49697141837555, -0.4192250259109187], [32.49058141836963, -0.4189910259108274], [32.484649418363915, -0.4125560259046779], [32.47597541835603, -0.4157660259077147], [32.46319141834397, -0.4164460259082716], [32.45680241833816, -0.41161802590386287], [32.45200741833355, -0.410237025902461], [32.45109541833267, -0.41230302590452084], [32.45474641833607, -0.41781902590969366], [32.459766418340905, -0.42080802591249267], [32.458850418340035, -0.4254010259166989], [32.46227641834321, -0.4267820259178734], [32.479168418358995, -0.4249560259163445], [32.4830474183625, -0.4267960259180654], [32.48395941836338, -0.42932302592043925], [32.47801941835792, -0.442641025932744], [32.47801941835792, -0.4470060259368438], [32.47984741835944, -0.44884502593845355], [32.483955418363394, -0.4479280259376992], [32.48463841836406, -0.4499960259395266], [32.4825824183622, -0.4552780259446081], [32.47870241835858, -0.45849102594752367], [32.47345341835353, -0.4577990259467697], [32.47185141835212, -0.465608025954225], [32.46134941834225, -0.476397025964161], [32.45838141833951, -0.47731302596503156], [32.45313241833469, -0.47524202596309806], [32.45016441833195, -0.47983402596742053], [32.44377141832592, -0.4848840259721783], [32.44605241832801, -0.4887900259757316], [32.44902041833075, -0.4892520259761568], [32.45107241833284, -0.4936180259801404], [32.4542694183358, -0.494539025981112], [32.45655041833788, -0.48787902597496213], [32.464767418345446, -0.49362702598023134], [32.47275941835301, -0.4936330259802162], [32.47892341835859, -0.488353025975357], [32.48463041836408, -0.4892760259760962], [32.48919641836824, -0.4872120259742587], [32.48691541836615, -0.47848102596617537], [32.49262241837141, -0.4702160259585071], [32.49057041836954, -0.46676802595516165], [32.48623241836549, -0.4656170259540886], [32.483951418363404, -0.4610220259498874], [32.48965841836866, -0.4589580259480499], [32.50107241837941, -0.4617220259506212], [32.50586741838379, -0.4605760259494218], [32.50883441838664, -0.4578210259469415], [32.510662418388165, -0.45322902594261905], [32.50906341838686, -0.44840402593808903], [32.50198741838017, -0.4424270259326022], [32.50336041838136, -0.44013202593032474], [32.515915418393206, -0.43577502592643214], [32.51728441839441, -0.43393802592458997], [32.51340441839079, -0.42796402591898186], [32.51431641839167, -0.42566702591693684], [32.519569418396486, -0.4259000259171444], [32.52322041839989, -0.42383502591519573], [32.53121241840745, -0.41074802590310355], [32.530758418407004, -0.40730202589975306], [32.52824441840471, -0.40477402589749545], [32.52025641839714, -0.40660602589923656], [32.51455341839187, -0.4008610258938461], [32.513183418390554, -0.3976450258908244], [32.515010418392194, -0.393741025887266], [32.52185841839878, -0.3905290258842342], [32.52619541840272, -0.38203302587635335], [32.52916341840546, -0.3799680258744047], [32.53281441840886, -0.3804300258748299], [32.538749418414454, -0.3909990258846392], [32.542400418417856, -0.3942160258875447], [32.545139418420376, -0.39398902588754936], [32.5492474184241, -0.39008602588387475], [32.54103141841642, -0.38433902587848934], [32.53920741841489, -0.37974402587406075], [32.54080541841631, -0.3765300258712614], [32.55016341842497, -0.37860302587318984], [32.551532418426405, -0.37561702587026957], [32.54856441842344, -0.37194102586681765]], [[32.31708141820786, -0.4769740259646369], [32.31639841820743, -0.47398702596183284], [32.31251941820369, -0.47444302596227317], [32.307491418199106, -0.4797230259673597], [32.30338641819526, -0.4785700259662917], [32.30155941819362, -0.47971702596737487], [32.3015554181934, -0.48477102597189514], [32.299499418191544, -0.48959202597643525], [32.29287341818531, -0.49785702598410353], [32.2924154181851, -0.5010720259872414], [32.29515441818762, -0.5038310259897116], [32.299949418192, -0.5029160259889522], [32.299717418191904, -0.5086590259943478], [32.28967241818236, -0.5084210259940392], [32.28830341818116, -0.5111760259965195], [32.292182418184666, -0.5150840260002951], [32.293319418185774, -0.5199090260048251], [32.29560441818808, -0.5212900260059996], [32.29468941818709, -0.5261130260105347], [32.29582941818808, -0.5288710260131211], [32.30084941819291, -0.5314020260154848], [32.30929541820069, -0.5291130260131922], [32.31135141820255, -0.5265870260109295], [32.306106418197714, -0.5164750260014443], [32.3072514181988, -0.5121120259973395], [32.31113041820231, -0.5111960259966963], [32.31341541820461, -0.5084420259940998], [32.31387341820505, -0.5047660259906479], [32.31570041820669, -0.504079025989995], [32.317981418208774, -0.5066080259923638], [32.319809418210525, -0.5054610259912806], [32.318897418209644, -0.4997170259860013], [32.324379418214676, -0.4944390259809097], [32.31661941820744, -0.48822902597521534], [32.315025418206005, -0.4845530259717634], [32.31708141820786, -0.4769740259646369]], [[32.333519418223204, -0.47629902596418106], [32.331233418221245, -0.47675702596461633], [32.32917841821927, -0.48043002596796214], [32.32278841821335, -0.48019502596775965], [32.32187241821248, -0.4827210259700223], [32.3282624182184, -0.48709102597422316], [32.33488441822465, -0.486407025973449], [32.33716541822673, -0.48227402596967295], [32.333519418223204, -0.47629902596418106]], [[32.23992541813618, -0.4752960259631891], [32.23878441813508, -0.4739160259618984], [32.23536341813178, -0.47483202596276897], [32.23193341812862, -0.480801025968276], [32.229423418126316, -0.4817180259692577], [32.230560418127425, -0.4892990259761518], [32.234214418130705, -0.4858570259730186], [32.23695341813345, -0.48609002597322615], [32.23992541813618, -0.4752960259631891]], [[32.323936418214316, -0.46204902595081876], [32.32188441821245, -0.4608990259498569], [32.315033418205985, -0.4615820259502925], [32.312294418203464, -0.4631880259519221], [32.31183641820303, -0.46548402595408334], [32.31891241820972, -0.4666390259551463], [32.323936418214316, -0.46204902595081876]], [[32.354305418242575, -0.43956302592982865], [32.35133741823984, -0.43496802592562744], [32.33992741822931, -0.4351880259257541], [32.32668341821682, -0.44068902593085113], [32.32166341821221, -0.43999602593021336], [32.31892341820958, -0.4370080259275255], [32.315731418206724, -0.4376930259281835], [32.305679418197315, -0.4535340259428722], [32.30636241819798, -0.45468302594395027], [32.327590418217824, -0.4560800259453117], [32.33147041822144, -0.4549350259442235], [32.332153418222106, -0.4602180259491888], [32.335121418224844, -0.460680025949614], [32.33946241822878, -0.4549410259442084], [32.3447114182336, -0.4519590259415054], [32.34608441823502, -0.44667802593653505], [32.35293241824138, -0.4434670259336144], [32.354305418242575, -0.43956302592982865]], [[32.3924674182781, -0.39189102588557034], [32.39015941827597, -0.3904380258841229], [32.38148541826786, -0.3936470258870486], [32.37349741826051, -0.3911140258846899], [32.37007141825734, -0.39180002588545904], [32.36573441825317, -0.3979980258911837], [32.35751741824561, -0.39868102589184673], [32.35066641823914, -0.40189102589488357], [32.34541741823432, -0.40671002589920136], [32.34518441823411, -0.41107402590341735], [32.34792341823663, -0.41796702590977475], [32.351345418239816, -0.41751002590945063], [32.35522041824356, -0.4276200259187135], [32.358646418246735, -0.4280820259191387], [32.36595141825342, -0.4246430259158842], [32.36755041825495, -0.4205100259121082], [32.36024841824815, -0.41751802590943043], [32.35979041824771, -0.41522102590715804], [32.36367441825132, -0.41085902590316437], [32.36390341825154, -0.40856302590100313], [32.37097941825823, -0.406731025899262], [32.37394741826097, -0.4081110259005527], [32.373260418260315, -0.4154610259074616], [32.3755414182624, -0.41638102590832204], [32.379653418266344, -0.41087202590324523], [32.38490241827117, -0.4104170259026887], [32.389919418275895, -0.4177710259095875], [32.39426041827983, -0.41111402590331636], [32.40225241828739, -0.40698502589953023], [32.40567741829045, -0.4023940258953189], [32.40316741828815, -0.3982570258913256], [32.39700341828234, -0.40399502589684744], [32.39220841827796, -0.40422102589695896], [32.3940354182796, -0.3961830258895134], [32.3924674182781, -0.39189102588557034]], [[32.42143241830513, -0.38127502587553863], [32.41869341830261, -0.380583025875012], [32.413444418297786, -0.38310602587739595], [32.403629418288574, -0.3833280258775176], [32.40431241828924, -0.3870040258809695], [32.41115941829548, -0.38884602588268535], [32.41275441829703, -0.39367102588721536], [32.414810418298885, -0.39482102588817725], [32.414810418298885, -0.388390025882245], [32.41800641830196, -0.3886220258823414], [32.42051341830438, -0.3957440258891438], [32.42393841830744, -0.396206025889569], [32.42530841830876, -0.39276102588632966], [32.42143241830513, -0.38127502587553863]], [[32.304805418196565, -0.3701550258651878], [32.30458041819634, -0.35936002585526694], [32.297733418189864, -0.3584360258544166], [32.292026418184605, -0.3621050258577725], [32.289283418182094, -0.3712900258663012], [32.284488418177716, -0.3761090258708464], [32.28403041817728, -0.3786360258732202], [32.288593418181335, -0.3816250258760192], [32.28334041817652, -0.3887410258826094], [32.297718418190016, -0.3963330258895894], [32.299537418191676, -0.40391502589659467], [32.30273441819463, -0.4052960258979965], [32.30547741819714, -0.3993260258923783], [32.30867041820011, -0.4000180258931323], [32.30935341820077, -0.4034640258962554], [32.30501141819673, -0.4154040259074918], [32.30683541819849, -0.4195400259111466], [32.31026041820155, -0.420462025912002], [32.31208441820331, -0.4188560259105998], [32.31414441820516, -0.4098990259021775], [32.31962241821043, -0.40829602590065406], [32.325565418215774, -0.38969602588349517], [32.325111418215556, -0.38762902588155157], [32.31666141820756, -0.3922150258858892], [32.314380418205474, -0.39060602588438087], [32.314155418205246, -0.3855520258796332], [32.31827141820918, -0.36993802586493985], [32.31621941820708, -0.3639640258595591], [32.31256441820369, -0.36465002586010087], [32.30822741819975, -0.3706180258657241], [32.304805418196565, -0.3701550258651878]], [[32.38424641827055, -0.32979802582758566], [32.38105441826747, -0.32382402582220493], [32.37808641826473, -0.32336302582166354], [32.37603041826287, -0.3268060258249079], [32.37694141826364, -0.3311710258290077], [32.37123541825849, -0.3373680258346212], [32.3739734182609, -0.3403550258374253], [32.380363418266825, -0.3419680258389235], [32.383098418269356, -0.3449560258418387], [32.38264041826892, -0.35115702584744213], [32.38788941827397, -0.35139102584776083], [32.39085741827671, -0.35598602585196204], [32.38811541827408, -0.35988902585563665], [32.37738841826422, -0.3644740258598631], [32.37076941825808, -0.36378002585934155], [32.35844841824655, -0.3543530258505143], [32.35502241824338, -0.35526902585138487], [32.351596418240206, -0.35871202585462925], [32.351139418239654, -0.36169702585743835], [32.35980941824778, -0.3711200258660483], [32.36893841825622, -0.37273602586765264], [32.3748744182617, -0.37205202586710584], [32.38149241826795, -0.36815202586331], [32.40865341829317, -0.3663350258616447], [32.423721418307196, -0.3603750258562286], [32.41961241830336, -0.3585350258545077], [32.408885418293494, -0.35783802585388], [32.40569341829041, -0.3511740258475129], [32.39953241828471, -0.34588802584266887], [32.399765418284915, -0.3364710258338164], [32.39268841827834, -0.33853202583577513], [32.39018241827603, -0.32911402582703886], [32.38424641827055, -0.32979802582758566]], [[32.479644418359385, -0.33652802583401353], [32.475078418355224, -0.33997002583714675], [32.46846041834897, -0.337439025834783], [32.46640741834699, -0.3401940258372633], [32.46640741834699, -0.34363802584061887], [32.4506564183323, -0.3482210258448504], [32.44700641832901, -0.3479900258446378], [32.446552418328565, -0.3404090258375163], [32.444725418326925, -0.3381110258353601], [32.43901841832144, -0.33971502583699476], [32.43764841832035, -0.3422410258392574], [32.43993041832232, -0.3518890258483225], [32.42782541831116, -0.36543102586074383], [32.427597418310825, -0.36864602586388173], [32.43855641832101, -0.36498002586040457], [32.44266541832485, -0.3647520258602981], [32.44631541832837, -0.3665930258619028], [32.434673418317516, -0.3727860258677538], [32.429191418312485, -0.3778340258722892], [32.42850841831182, -0.38059002587488067], [32.42987841831291, -0.3826590258768192], [32.45156141833331, -0.38083702587528023], [32.45384641833539, -0.3744070258692318], [32.45840841833956, -0.37280302586759717], [32.477809418357765, -0.3735040258684421], [32.47644041835633, -0.3689100258641247], [32.467769418348325, -0.36683702586219624], [32.463203418344165, -0.36729402586252036], [32.46183741834284, -0.3629290258584206], [32.458870418339984, -0.36223802585777776], [32.457729418338886, -0.35948002585519134], [32.46138041834229, -0.35557902585173906], [32.46663241834722, -0.353055025849244], [32.475303418355224, -0.3530610258492288], [32.47758841835753, -0.3480100258445873], [32.48123941836093, -0.34709402584371674], [32.48306641836257, -0.3514590258478165], [32.48466141836411, -0.3512300258475989], [32.489002418368045, -0.34204602583895394], [32.48763241836673, -0.33906002583626105], [32.482383418361906, -0.3402040258372381], [32.479644418359385, -0.33652802583401353]], [[32.36804241825553, -0.32542202582362734], [32.36119841824916, -0.3192150258178117], [32.35868841824663, -0.32311702582137514], [32.360740418248724, -0.3272530258252573], [32.36598941825355, -0.3286360258266541], [32.36804241825553, -0.32542202582362734]], [[32.469608418349935, -0.32343002582183544], [32.480564418360245, -0.3195330258181457], [32.47645541835641, -0.317463025816096], [32.46755241834808, -0.32182002582021596], [32.469608418349935, -0.32343002582183544]], [[32.44313041832538, -0.3261670258243612], [32.431038418314074, -0.31995702581843943], [32.42829841831144, -0.3204150258188747], [32.4301224183132, -0.32409102582232663], [32.44153241832396, -0.32754402582554576], [32.44313041832538, -0.3261670258243612]], [[32.573673418447015, -0.35564802585167854], [32.57618741844931, -0.35059602584692584], [32.574588418447775, -0.3480690258447794], [32.57070941844427, -0.3466890258434887], [32.567054418440875, -0.3517390258480191], [32.560894418435055, -0.35380302585008394], [32.56203441843604, -0.36138302585709425], [32.573673418447015, -0.35564802585167854]], [[32.171939418072725, -0.41619502590810953], [32.17126041807205, -0.4074660259000211], [32.16897541806998, -0.4065450258990495], [32.16760241806878, -0.41504202590704153], [32.164405418065826, -0.41526802590715306], [32.16485941806627, -0.4191740259109338], [32.16645841806758, -0.4198650259115766], [32.171939418072725, -0.41619502590810953]], [[33.67226841947013, -0.013794025533343302], [33.6740834194718, -0.007134025527193444], [33.67752841947504, -0.0025030255228557508], [33.65436541945337, -0.0025030255228557508], [33.6405564194406, -0.01381902553339387], [33.637142419437396, -0.0202490255394423], [33.632354419432886, -0.024156025543106807], [33.63212941943266, -0.02668202554536947], [33.636238419436495, -0.02805702554655909], [33.64034241944046, -0.027135025545703684], [33.649917419449366, -0.020699025539897775], [33.656536419455506, -0.02253102554141151], [33.65790141945672, -0.02092302554001435], [33.65607041945509, -0.015873025535256602], [33.656982419455744, -0.014265025533859443], [33.66931141946725, -0.02206102554100653], [33.67296241947065, -0.022747025541775656], [33.67409941947176, -0.020910025539933486], [33.67226841947013, -0.013794025533343302]]]}}, {"type": "Feature", "properties": {"name": "LAKE EDWARD"}, "geometry": {"type": "Polygon", "coordinates": [[[29.8823644159404, -0.2060560257123143], [29.88053741593876, -0.2124550257183273], [29.87581041593444, -0.21985902572532723], [29.87631941593486, -0.22789302573278292], [29.88448341594244, -0.25493702575795396], [29.87684841593523, -0.27358502577521904], [29.871727415930536, -0.2931360257935012], [29.866081415925237, -0.30212802580194875], [29.857666415917492, -0.30631402580570466], [29.854723415914805, -0.3097770258091259], [29.860731415920327, -0.32145102581989704], [29.860763415920246, -0.32627302582432094], [29.85490241591492, -0.3373330258345959], [29.850591415910912, -0.34103502583820955], [29.846714415907172, -0.3412880258383666], [29.843311415904054, -0.3445240258413378], [29.8387434158999, -0.3438640258407304], [29.832618415894103, -0.349643025846035], [29.831058415892585, -0.3551650258511927], [29.82741541588939, -0.35656502585266026], [29.824512415886602, -0.36645802586190257], [29.817274415879865, -0.3763790258710742], [29.821617415883793, -0.37727102587177797], [29.81595841587864, -0.3846540258787172], [29.805727415869114, -0.39023002588396594], [29.801202415864964, -0.3966880258899437], [29.7959694158601, -0.39878802589191764], [29.786827415851576, -0.39700702589016146], [29.783193415848018, -0.3995560258927071], [29.77724441584246, -0.397296025890455], [29.75922241582566, -0.41276802590482475], [29.758945415825565, -0.40969802590211657], [29.764879415831047, -0.40352902589643236], [29.761949415828212, -0.40335202589608343], [29.74929841581661, -0.41675902590873193], [29.747759415815153, -0.42572602591690156], [29.737772415805694, -0.43428502592496443], [29.739391415807404, -0.43795002592833043], [29.729599415798248, -0.4412250259315442], [29.727504415796147, -0.4348070259254655], [29.70157041577204, -0.44805702593771457], [29.684244415755984, -0.4509170259404982], [29.676471415748665, -0.44912702593887843], [29.65834441573179, -0.459321025948384], [29.65834441573179, -0.41667102590849936], [29.666677415739514, -0.41667102590849936], [29.666677415739514, -0.37500502586976836], [29.675010415747238, -0.37500502586976836], [29.675010415747238, -0.32500502582320223], [29.683344415755073, -0.32500502582320223], [29.683344415755073, -0.28333802578436007], [29.691677415762797, -0.28333802578436007], [29.691677415762797, -0.25000502575335304], [29.70001041577052, -0.25000502575335304], [29.70001041577052, -0.2000050257067869], [29.708343415778472, -0.2000050257067869], [29.708343415778472, -0.16667102567566872], [29.716676415786196, -0.16667102567566872], [29.716676415786196, -0.13333802564466168], [29.725011415793915, -0.13333802564466168], [29.725011415793915, -0.07642002559168759], [29.736845415804964, -0.07538402559066526], [29.742788415810537, -0.07718502559237095], [29.748527415815715, -0.08288902559775124], [29.749544415816672, -0.07996502559490182], [29.74757241581483, -0.07600802559136355], [29.755310415822123, -0.07320502558877706], [29.755126415821906, -0.08032402559524598], [29.756736415823525, -0.08238002559733104], [29.753549415820544, -0.08331802559814605], [29.75612641582279, -0.09386302560801596], [29.75773241582442, -0.09523002560922578], [29.762271415828536, -0.09152902560572329], [29.761860415828323, -0.09864902561230338], [29.766668415832783, -0.10137402561485942], [29.764865415831082, -0.1048290256180735], [29.768754415834564, -0.10641202561964747], [29.76811641583413, -0.1135340256262225], [29.772007415837606, -0.1153460256280141], [29.775255415840775, -0.12405102563593573], [29.77753641584286, -0.12380702563586965], [29.78077641584582, -0.13113402564272292], [29.784879415849673, -0.13042002564202448], [29.797826415861664, -0.12161602563378437], [29.802614415866174, -0.12112702563331368], [29.80538141586885, -0.12593102563778302], [29.807665415870815, -0.126146025638036], [29.807689415870982, -0.12982002564149298], [29.81299441587589, -0.13874102564977875], [29.81373241587653, -0.14700202565745712], [29.811504415874424, -0.15528102566509006], [29.815652415878276, -0.16168402567109297], [29.823453415885524, -0.16829502567725285], [29.82485341588699, -0.17310802568181316], [29.830766415892413, -0.17031602567908521], [29.834671415896082, -0.17419502568282041], [29.83718341589838, -0.17440802568285108], [29.852867415912897, -0.16558502567477262], [29.864864415924103, -0.1510460256611168], [29.86119641592086, -0.14854302565890976], [29.86026041591981, -0.14487502565543764], [29.863206415922605, -0.14187202565267398], [29.870525415929478, -0.14458102565527042], [29.876485415934894, -0.14890602565924382], [29.884017415942026, -0.1495470256597855], [29.88787841594558, -0.14676802565713842], [29.895166415952417, -0.1448850256554124], [29.898384415955434, -0.14830902565859105], [29.900667415957514, -0.14852402565884404], [29.905431415961857, -0.14459102565524518], [29.908441415964717, -0.15100002566123294], [29.906469415962874, -0.1634120256726419], [29.899904415956826, -0.17126002568011245], [29.89587441595313, -0.18299502569084325], [29.892246415949558, -0.18623302569403677], [29.888776415946495, -0.17913602568728493], [29.88581841594373, -0.18030302568831758], [29.880390415938564, -0.18768402569526188], [29.88201941594025, -0.1922670256994934], [29.8823644159404, -0.2060560257123143]]]}}, {"type": "Feature", "properties": {"name": "LAKE GEORGE"}, "geometry": {"type": "Polygon", "coordinates": [[[30.000000416049943, -0.15752702566715016], [29.99565941604601, -0.16077702567031338], [29.989353416040103, -0.17298602568166643], [29.98435941603543, -0.17715102568558905], [29.967008416019326, -0.17519602568359005], [29.963821416016344, -0.17636402568473386], [29.954341416007537, -0.19180802569917432], [29.95138941600476, -0.19389402570118364], [29.94246341599637, -0.18958802569704858], [29.936296415990682, -0.1887090256961983], [29.925979415981146, -0.18119702568924367], [29.91619141597198, -0.18470402569255384], [29.90501841596165, -0.18546302569325235], [29.904905415961366, -0.20291402570956052], [29.88053741593876, -0.2124550257183273], [29.8823644159404, -0.2060560257123143], [29.890085415947624, -0.20461502571106394], [29.896894415953966, -0.19929102570608848], [29.898246415955327, -0.196757025703846], [29.897066415954214, -0.1905650256978788], [29.899307415956173, -0.18435102569219453], [29.906335415962758, -0.17787802568614097], [29.914106415970082, -0.179665025687882], [29.920915415976424, -0.17434102568290655], [29.929822415984745, -0.17566202568400513], [29.936473415990804, -0.18113102568918293], [29.940353415994423, -0.18110602568913237], [29.943794415997672, -0.18384002569177937], [29.952234416005467, -0.18355602569135954], [29.954961416008018, -0.1821610256902204], [29.954467416007674, -0.17642402568480975], [29.957834416010655, -0.16790702567686822], [29.974710416026483, -0.16688002567593685], [29.98179641603315, -0.16890202567788037], [29.982923416034055, -0.16682802567584076], [29.981523416032815, -0.16224502567160926], [29.986295416037365, -0.15945902566909353], [29.993995416044527, -0.15091502566110648], [30.000000416049943, -0.1491890256595525], [30.000000416049943, -0.15752702566715016]]]}}, {"type": "Feature", "properties": {"name": "LAKE NABUGABO"}, "geometry": {"type": "Polygon", "coordinates": [[[31.89948041781895, -0.33409902583161966], [31.911117417829928, -0.33733002583471716], [31.92549741784319, -0.3366610258340188], [31.930515417848028, -0.33873402583594725], [31.93872441785561, -0.347243025843909], [31.93986141785672, -0.35160902584789255], [31.91130641783002, -0.38028002587475385], [31.905826417824983, -0.38257002587670286], [31.895782417815553, -0.3834740258776037], [31.888475417808877, -0.38668002588065065], [31.880258417801087, -0.38575002587981544], [31.873872417795155, -0.3816060258759535], [31.867262417789107, -0.3719510258670198], [31.866582417788322, -0.36781502586313763], [31.871158417792685, -0.3556490258517897], [31.88235441780307, -0.3428030258396575], [31.89445841781435, -0.33432202583185244], [31.89948041781895, -0.33409902583161966]]]}}, {"type": "Feature", "properties": {"name": "LAKE KACHIRA"}, "geometry": {"type": "Polygon", "coordinates": [[[31.19513141716311, -0.4754640259632197], [31.17729741714652, -0.49127302597798916], [31.172958417142354, -0.49218302597887487], [31.163375417133466, -0.48894402597579756], [31.15835041712876, -0.4910010259777664], [31.15583041712648, -0.49650802598284827], [31.16152541713177, -0.5018040259878944], [31.15763241712807, -0.5091470259947073], [31.159671417130085, -0.5169610260020363], [31.154403417125195, -0.5263680260106867], [31.155761417126314, -0.5334920260172566], [31.15233641712325, -0.5339440260177071], [31.148462417119617, -0.5300290260140628], [31.14298241711458, -0.5307060260147409], [31.141603417113174, -0.5352970260189522], [31.14386941711541, -0.545181026028331], [31.142715417114232, -0.5513800260339394], [31.132183417104443, -0.5681260260496401], [31.12941941710187, -0.5809860260615096], [31.12095241709403, -0.5913040260711568], [31.113620417087077, -0.6050700260839221], [31.109506417083367, -0.6071290260858859], [31.097374417071933, -0.6241010261016982], [31.098053417072606, -0.6275490261050436], [31.10602141708, -0.6385950261153539], [31.10578741707991, -0.6418110261181482], [31.10007441707444, -0.64455502612077], [31.098463417072935, -0.6519030261276839], [31.09389141706879, -0.6539600261296528], [31.0927414170676, -0.6592410261343957], [31.08930941706444, -0.6626790261377664], [31.08496841706051, -0.6633590261383233], [31.078807417054804, -0.6612760261364201], [31.072427417048857, -0.6552880261308474], [31.06924241704587, -0.6495360261253609], [31.070846417047278, -0.6463230261224453], [31.07678441705275, -0.645189026121443], [31.081106417056844, -0.6534700261290709], [31.083618417059142, -0.6537060261293846], [31.085224417060772, -0.6495740261254923], [31.08340841705899, -0.644515026120871], [31.086160417061592, -0.6380890261148124], [31.080007417055867, -0.6316420261086932], [31.080705417056606, -0.6247510261023308], [31.078651417054516, -0.6245160261021283], [31.077514417053635, -0.622446026100306], [31.080034417055913, -0.6176270260957608], [31.08711641706236, -0.6158060260941056], [31.076858417053018, -0.6075110260862857], [31.079605417055518, -0.6038410260828186], [31.08463241706022, -0.6015560260807433], [31.0880564170634, -0.6015650260808343], [31.090559417065606, -0.606395026085238], [31.092613417067696, -0.6068590260856581], [31.09218741706718, -0.5907770260707821], [31.09447141706937, -0.5898630260699065], [31.10200141707628, -0.5919480260718046], [31.10360741707791, -0.5885060260686714], [31.10019841707458, -0.5802280260609223], [31.100662417075, -0.5763240260573639], [31.103408417077617, -0.5726540260538968], [31.110712417084414, -0.5735900260547169], [31.11458241708806, -0.5798020260604062], [31.116863417090144, -0.5809550260614742], [31.119377417092437, -0.5791240260598443], [31.11026741708406, -0.5676160260491088], [31.106861417080836, -0.5575000260396337], [31.10892341708268, -0.554289026036713], [31.126270417099022, -0.5559370260382366], [31.125593417098344, -0.5520300260345721], [31.118301417091516, -0.5444320260276072], [31.119903417092928, -0.5419090260252233], [31.12355841709632, -0.5412290260246664], [31.127433417100065, -0.5435350260268024], [31.13314241710532, -0.5430890260263368], [31.13543341710738, -0.5394180260229859], [31.13361541710583, -0.5345900260183498], [31.126550417099224, -0.5283710260125645], [31.129066417101512, -0.5253900260097453], [31.140480417112258, -0.5258760260103372], [31.1427724171142, -0.5210580260056759], [31.139814417111438, -0.5155380260007405], [31.142101417113736, -0.5130160259982404], [31.148719417119764, -0.5146390259997133], [31.14963741712063, -0.5123440259976633], [31.146904417118094, -0.5084330259940089], [31.13891941711063, -0.5054280259912503], [31.148744417119815, -0.5010860259872061], [31.155618417126334, -0.4870890259742282], [31.15881941712928, -0.4843400259715054], [31.17069841714033, -0.4800030259675623], [31.175027417144292, -0.4839180259712066], [31.178682417147684, -0.4827770259701083], [31.189659417158055, -0.4722350259603445], [31.19513141716311, -0.4754640259632197]]]}}, {"type": "Feature", "properties": {"name": "LAKE MBURO"}, "geometry": {"type": "Polygon", "coordinates": [[[30.935125416920982, -0.6760020261501722], [30.935831416921474, -0.6787540261525464], [30.942497416927836, -0.6844470261578408], [30.940694416926135, -0.6874470261607257], [30.93795741692361, -0.6879270261611055], [30.930376416916488, -0.6817830261554718], [30.928161416914463, -0.690529026163631], [30.925888416912358, -0.6916950261647798], [30.91830041690514, -0.684860026158276], [30.909847416897264, -0.6840050261575925], [30.908456416896115, -0.681258026155092], [30.908418416895984, -0.6766650261506584], [30.915958416903095, -0.6772970261513365], [30.916860416904, -0.6759120261499447], [30.912418416899754, -0.6623910261373567], [30.921531416908238, -0.660024026135261], [30.93712041692288, -0.6394610261161233], [30.946708416931642, -0.6393890261160777], [30.94726141693218, -0.651789026127517], [30.943155416928448, -0.6520500261278812], [30.941799416927097, -0.6536690261293643], [30.944105416929233, -0.6566370261321026], [30.95027141693504, -0.6570500261325378], [30.95120041693599, -0.6591100261343854], [30.94871541693351, -0.6623460261373566], [30.939155416924677, -0.6658640261407527], [30.939880416925234, -0.6709130261453993], [30.935125416920982, -0.6760020261501722]]]}}, {"type": "Feature", "properties": {"name": "LAKE KIJANEBALOLA"}, "geometry": {"type": "Polygon", "coordinates": [[[31.333389417291755, -0.6602340261354129], [31.332698417291112, -0.6636790261386523], [31.328125417286856, -0.668724026143309], [31.31486841727451, -0.6762780261503849], [31.312349417272344, -0.6817870261554617], [31.313253417273017, -0.6873040261605183], [31.31826941727786, -0.6914500261643752], [31.3189504172783, -0.693979026166744], [31.31734841727689, -0.6955830261683786], [31.30958341726955, -0.6964860261691683], [31.3148274172745, -0.7013220261735569], [31.321445417280756, -0.7038630261761227], [31.326696417285575, -0.7041040261763101], [31.330125417288855, -0.7020440261742351], [31.337431417295647, -0.7027480261749588], [31.341545417299358, -0.6997690261721345], [31.349531417306935, -0.703692026175986], [31.359352417315904, -0.7023330261745286], [31.370567417326356, -0.685124026158519], [31.38107841733631, -0.6796310261534018], [31.40094341735471, -0.6799010261536296], [31.40390441735758, -0.6842720261577142], [31.402073417355723, -0.6877140261610748], [31.39727241735136, -0.6909210261640055], [31.38950741734402, -0.6925140261655542], [31.378547417333948, -0.6920330261650633], [31.373064417328806, -0.6945490261673513], [31.368948417324873, -0.6986760261711424], [31.36734241732347, -0.7030390261752473], [31.368021417324144, -0.706716026178583], [31.384229417339156, -0.708816026180557], [31.38719141734191, -0.7124990261841049], [31.384676417339506, -0.7147910261862762], [31.370752417326685, -0.7120060261836443], [31.368240417324387, -0.7120020261836544], [31.365951417322094, -0.7156730261870052], [31.34563241730325, -0.7142530261858155], [31.343116417300962, -0.7170050261881897], [31.34516741730272, -0.7195360261905535], [31.352468417309638, -0.7223080261931045], [31.35405941731119, -0.7273660261978421], [31.352911417309997, -0.7317300262020581], [31.34948341730683, -0.733561026203688], [31.344005417301787, -0.7314820262017747], [31.3396744172976, -0.7275670261981304], [31.33510741729333, -0.7270980261976092], [31.333517417291887, -0.7224990261934181], [31.327575417286425, -0.7254740261962525], [31.325063417284127, -0.72523902619605], [31.32347141728269, -0.7215590261926081], [31.31707741727655, -0.7220050261928463], [31.312751417272693, -0.7146440261860789], [31.30590841726621, -0.7102640261819033], [31.29654641725756, -0.7102440261819538], [31.291534417252933, -0.7035710261757231], [31.282407417244258, -0.6998750261723217], [31.278989417241064, -0.6957320261685709], [31.27533741723778, -0.6948050261676144], [31.273294417235775, -0.6879090261611509], [31.275581417238072, -0.6860750261594148], [31.287452417249142, -0.6863300261597942], [31.289510417250995, -0.6842660261577294], [31.286546417248246, -0.6819620261555883], [31.277872417240133, -0.6812550261549859], [31.271259417233978, -0.6764160261504912], [31.270349417233092, -0.6738860261480113], [31.272640417235152, -0.6699860261444428], [31.291595417252893, -0.6672690261418666], [31.2966154172575, -0.6693480261437799], [31.29958541726046, -0.6675160261422661], [31.314424417274267, -0.6693850261440275], [31.321287417280473, -0.6613580261364405], [31.327678417286506, -0.6620600261371692], [31.33202141729066, -0.659542026134659], [31.333389417291755, -0.6602340261354129]]]}}, {"type": "Feature", "properties": {"name": "LAKE NAKIVALI"}, "geometry": {"type": "Polygon", "coordinates": [[[30.935077416920876, -0.7573320262258676], [30.940391416925877, -0.7651030262329641], [30.94520041693022, -0.7669040262346698], [30.945909416931045, -0.7701160262377016], [30.930387416916574, -0.7706930262381775], [30.921432416908146, -0.7640980262322046], [30.91686441690399, -0.7639030262319011], [30.9150524169022, -0.7657540262337079], [30.918968416905955, -0.7703190262379849], [30.925144416911735, -0.7716520262392805], [30.925165416911568, -0.7741780262415432], [30.9203664169072, -0.7737550262411332], [30.916286416903404, -0.777692026244722], [30.91286041690023, -0.7774880262445549], [30.908956416896444, -0.7745310262419025], [30.90393641689184, -0.775028026242353], [30.899391416887738, -0.7775900262447522], [30.90215141689032, -0.7803260262471667], [30.916343416903374, -0.785043026251742], [30.92272341690932, -0.7833870262500113], [30.922779416909407, -0.7902790262564849], [30.92074741690749, -0.7932820262592486], [30.913675416901015, -0.7940250262599875], [30.912325416899648, -0.7965620262623361], [30.913486416900696, -0.7990800262646189], [30.921497416908323, -0.8015470262669169], [30.92379941691047, -0.8040580262693311], [30.920175416906886, -0.8077610262728285], [30.914697416901845, -0.8080320262729401], [30.908731416896444, -0.804172026269498], [30.904100416892106, -0.795935026261759], [30.90226941689025, -0.7954890262612935], [30.898645416886893, -0.7991930262649021], [30.896307416884838, -0.7920880262581704], [30.89285441688162, -0.7886680262549817], [30.88919641687812, -0.7877760262542779], [30.887218416876294, -0.7979000262635054], [30.884491416873743, -0.799300026264973], [30.88124641687068, -0.7933500262593043], [30.868351416858786, -0.8086100262735272], [30.86884141685914, -0.812973026277632], [30.87663041686642, -0.8163600262807904], [30.891956416880703, -0.819692026283974], [30.894952416883598, -0.8233460262872541], [30.891531416880298, -0.8238310262877349], [30.886488416875636, -0.8213410262853813], [30.87575541686556, -0.8211920262854164], [30.87099641686109, -0.8258230262895268], [30.86732141685775, -0.823093026287097], [30.865896416856458, -0.8159820262803805], [30.86428641685484, -0.8146150262791707], [30.86041241685143, -0.8153340262797428], [30.84840041684015, -0.826912026290529], [30.844303416836283, -0.8287810262922903], [30.829675416822738, -0.8268220262905288], [30.827600416820815, -0.8243090262881196], [30.82849341682163, -0.8215460262856595], [30.844650416836657, -0.8145320262790392], [30.848505416840226, -0.8110570262758756], [30.85276841684413, -0.8013750262668964], [30.858442416849584, -0.7969680262626753], [30.87243041686247, -0.7752650262425504], [30.877872416867604, -0.770400026237894], [30.886516416875565, -0.7664290262343911], [30.897247416885648, -0.7663480262342546], [30.904693416892542, -0.7550340262237114], [30.9108274168982, -0.7510820262200468], [30.9201694169069, -0.74871402621784], [30.922882416909488, -0.7452470262146562], [30.9221644169088, -0.7411170262107589], [30.926241416912717, -0.7367220262067349], [30.92968341691585, -0.7389920262087344], [30.932043416918077, -0.7488540262179413], [30.931612416917687, -0.7520740262209529], [30.927742416914043, -0.7534820262221729], [30.935077416920876, -0.7573320262258676]]]}}, {"type": "Feature", "properties": {"name": "LAKE MUTANDA"}, "geometry": {"type": "Polygon", "coordinates": [[[29.654970415728712, -1.1667900266072593], [29.666464415739483, -1.1782130266178683], [29.668028415740764, -1.1726880266126045], [29.67031041574296, -1.1724440266125384], [29.67605441574824, -1.1776950266173571], [29.680223415752153, -1.1866340266255975], [29.68343741575518, -1.1891430266280167], [29.685079415756718, -1.1960270266345105], [29.689903415761137, -1.2001360266381198], [29.691085415762245, -1.2065650266442844], [29.682479415754415, -1.2183380266551467], [29.681871415753676, -1.2305240266664441], [29.6786824157507, -1.2319220266679167], [29.678237415750345, -1.2339930266698502], [29.680084415752162, -1.2367400266723507], [29.678537415750725, -1.2450240266800847], [29.67649441574872, -1.2473350266820944], [29.67765241574989, -1.2498570266845945], [29.682228415754025, -1.2507480266854145], [29.67566141574798, -1.2599820266939332], [29.670406415742946, -1.2600130266939686], [29.66143641573467, -1.250414026685121], [29.65389441572779, -1.2500000266845746], [29.652971415726824, -1.2483960266831673], [29.655694415729386, -1.2456220266806213], [29.655160415728915, -1.2334430266691925], [29.6539804157278, -1.2272440266633566], [29.648428415722492, -1.2162450266532687], [29.649099415723185, -1.2139420266510115], [29.654836415728596, -1.2180450266548632], [29.65708341573054, -1.2122850266496243], [29.655242415728935, -1.2102280266476555], [29.657282415730833, -1.2074580266450994], [29.663471415736694, -1.2106380266479846], [29.668251415740997, -1.2080810266456865], [29.662065415735242, -1.2051300266427916], [29.6609024157342, -1.201919026639871], [29.66316841573621, -1.1989180266371022], [29.663778415736942, -1.1871930266261188], [29.659212415732554, -1.1874500266264931], [29.660083415733425, -1.1807790266202574], [29.65756841573102, -1.1803350266197867], [29.656675415730206, -1.1837880266230059], [29.65439441572812, -1.184261026623517], [29.651678415725655, -1.1879550266269234], [29.65023841572429, -1.1771620266167702], [29.65342141572728, -1.1748440266146645], [29.65662041573023, -1.1750540266148164], [29.652689415726627, -1.1672640266076542], [29.654970415728712, -1.1667900266072593]], [[29.677427415749662, -1.2142320266514162], [29.675125415747516, -1.2112570266485818], [29.665086415738187, -1.2136160266506977], [29.66766541574043, -1.2237140266602182], [29.67241141574482, -1.2156410266527473], [29.67629641574854, -1.2160770266530108], [29.677427415749662, -1.2142320266514162]]]}}, {"type": "Feature", "properties": {"name": "LAKE BUNYONYI"}, "geometry": {"type": "Polygon", "coordinates": [[[29.8263554158882, -1.2114800266488146], [29.833463415894812, -1.215803026652793], [29.83619341589747, -1.2139470266511125], [29.843731415904585, -1.2136700266507887], [29.850599415910892, -1.2161560266531524], [29.855625415915483, -1.2161240266530058], [29.86480141592415, -1.222043026658639], [29.86369341592308, -1.227336026663579], [29.873510415932287, -1.2263550266625316], [29.877147415935497, -1.223574026660117], [29.8772024159357, -1.23184902666776], [29.88202341594024, -1.2352660266708426], [29.88410541594203, -1.239390026674755], [29.887075415944764, -1.2396010266750181], [29.886192415943924, -1.2442040266791992], [29.890558415948135, -1.2480830266829344], [29.892873415950135, -1.2526660266871659], [29.895158415952437, -1.25265102668709], [29.89677241595382, -1.2549400266891553], [29.90041941595723, -1.2537670266881378], [29.902494415959154, -1.2565130266907545], [29.904979415961634, -1.2523600266868016], [29.908868415965117, -1.25302502668751], [29.9100204159663, -1.2546260266890386], [29.908691415964995, -1.2608400266947228], [29.90596241596245, -1.262927026696616], [29.908952415965132, -1.2658960266994654], [29.91190541596802, -1.263349026697142], [29.919929415975503, -1.2674350267009231], [29.919260415974804, -1.2699680267032818], [29.913765415969692, -1.26816402670147], [29.91310841596919, -1.2725360267056658], [29.922960415978196, -1.276610026709477], [29.928611415983596, -1.2676100267010497], [29.93202441598669, -1.265290026698949], [29.933176415987873, -1.2668910267004776], [29.93184041598647, -1.272416026705514], [29.92752441598259, -1.2761210267090064], [29.930725415985535, -1.2763310267091583], [29.93485841598931, -1.2795230267122406], [29.939491415993643, -1.2891480267210227], [29.94453241599831, -1.2914140267232597], [29.943412415997273, -1.294639026726145], [29.94015141599425, -1.2958280267273494], [29.940706415994782, -1.299943026731171], [29.9450584159988, -1.3017550267329625], [29.948705416002213, -1.3005820267317176], [29.950538416003837, -1.3054000267361516], [29.942802415996766, -1.306136026737022], [29.940994415994965, -1.3091360267396794], [29.945442415999196, -1.325198026754606], [29.949564416003113, -1.3265500267559673], [29.951664416005087, -1.332974026762031], [29.950308416003736, -1.3352810267640507], [29.95333641600655, -1.3442260267725032], [29.95654341600948, -1.3451260267731868], [29.96277241601524, -1.3542800267816801], [29.962577416015165, -1.3593390267865288], [29.956640416009577, -1.3598370267868631], [29.95363241600694, -1.3541090267815434], [29.95019541600368, -1.3527520267803084], [29.945799415999545, -1.3442750267724932], [29.945980415999657, -1.3371470267659333], [29.944830415998695, -1.3360050267647239], [29.940721415994858, -1.3367210267654173], [29.935857415990313, -1.3268680267563013], [29.93531841598974, -1.3142280267445585], [29.928926415983824, -1.3151890267454291], [29.929802415984568, -1.3094370267399427], [29.924085415979334, -1.3085530267392187], [29.921384415976718, -1.3150070267452065], [29.923030415978246, -1.3218920267515841], [29.92189941597735, -1.3235090267530722], [29.91960741597518, -1.3226030267521764], [29.913610415969515, -1.3139070267441184], [29.91495141597079, -1.3093010267398313], [29.912654415968746, -1.3074760267381862], [29.911482415967612, -1.3028870267339698], [29.909422415965764, -1.302440026733393], [29.908334415964646, -1.3107220267411321], [29.90496041596157, -1.3187890267486182], [29.91307441596905, -1.3364370267652248], [29.91221241596827, -1.3442580267724225], [29.917297415973053, -1.3531900267807941], [29.914911415970664, -1.3538620267813712], [29.908144415964443, -1.3509490267786077], [29.907734415964114, -1.3580780267852788], [29.910707415966954, -1.358749026785972], [29.913211415969272, -1.3573540267846056], [29.917121415972815, -1.3612370267883307], [29.917606415973296, -1.3651420267920003], [29.916481415972157, -1.3679080267945665], [29.913734415969657, -1.3672350267938782], [29.911651415967754, -1.3631110267899658], [29.906848415963168, -1.3624520267894695], [29.902996415959706, -1.367303026793934], [29.901888415958638, -1.3723670267986563], [29.904880415961316, -1.3757960268017086], [29.9218294159773, -1.3818960268074534], [29.922311415977674, -1.385801026811123], [29.917819415973554, -1.3977830268222533], [29.91394041596982, -1.3982670268228503], [29.912267415968245, -1.3872430268124845], [29.905151415961654, -1.3822310268078581], [29.89847341595555, -1.3744570268006555], [29.902704415959306, -1.3576500267849951], [29.90286241595959, -1.3468450267748722], [29.90444341596094, -1.3443070267724124], [29.900997415957818, -1.3413400267697853], [29.905061415961654, -1.3341890267631697], [29.90225941595895, -1.3250120267546208], [29.89881741595582, -1.3225050267521965], [29.899015415956, -1.318137026748218], [29.894664415951866, -1.3163250267464264], [29.894193415951577, -1.314259026744594], [29.898269415955383, -1.3087160267393756], [29.890253415947882, -1.3057790267366727], [29.887943415945756, -1.3021160267333016], [29.89018641594771, -1.2956660267273037], [29.892684415950043, -1.2933510267250767], [29.89725841595441, -1.294012026725568], [29.899301415956188, -1.2919300267237759], [29.90181541595848, -1.2921450267238015], [29.902469415959104, -1.2875440267196154], [29.90656241596298, -1.2845300267167659], [29.910900415967035, -1.2840420267164063], [29.909738415965876, -1.281291026713916], [29.90698041596329, -1.278551026711284], [29.903093415959802, -1.2781150267107932], [29.899227415956148, -1.2808980267134302], [29.89583741595311, -1.2866660267188763], [29.892645415950028, -1.2873750267194737], [29.888980415946662, -1.2860190267181224], [29.889181415946723, -1.2818800267143615], [29.89552841595264, -1.2742550267073511], [29.89504441595227, -1.270121026703464], [29.882965415941044, -1.2745640267075942], [29.884742415942583, -1.2667380267002954], [29.8892914159469, -1.263722026697451], [29.888134415945842, -1.2614310266953908], [29.883117415941115, -1.2628410266966057], [29.881260415939323, -1.2582560266923792], [29.878740415937045, -1.2573520266914784], [29.87685241593522, -1.2481700266830558], [29.87890641593731, -1.247927026682646], [29.881164415939338, -1.2437750266788044], [29.880468415938594, -1.242171026677397], [29.87636541593497, -1.243805026678956], [29.871761415930678, -1.2383180266738236], [29.872656415931488, -1.2353250266710347], [29.868076415927135, -1.2337440266694557], [29.866495415925783, -1.2362830266717992], [29.858945415918697, -1.2347210266705133], [29.855991415915923, -1.2370380266725078], [29.853225415913357, -1.2333770266691317], [29.856636415916455, -1.2310580266669149], [29.85363341591369, -1.2260200266623542], [29.850895415911054, -1.2264970266628552], [29.847898415908276, -1.2223790266589276], [29.839197415900344, -1.219215026656002], [29.837379415898567, -1.2206050266572674], [29.8394454159004, -1.222202026658806], [29.839693415900683, -1.225188026661499], [29.835153415896457, -1.2298130266658518], [29.837476415898664, -1.235774026671379], [29.835435415896654, -1.2378550266732873], [29.83221441589376, -1.2344280266702299], [29.830873415892484, -1.2388030266743044], [29.827680415889517, -1.2397430266751144], [29.82606741588802, -1.2376840266731506], [29.82968541589139, -1.2319150266678207], [29.82897541589068, -1.228242026664475], [29.83192841589357, -1.2254660266617066], [29.832357415893966, -1.221326026658062], [29.826181415888186, -1.2199850266567864], [29.822546415884744, -1.22299602665953], [29.820472415882705, -1.2204810266571258], [29.8263554158882, -1.2114800266488146]], [[29.9317834159865, -1.298161026729531], [29.92924541598404, -1.294270026725826], [29.921461415976864, -1.2917900267236746], [29.919412415974875, -1.2929520267246062], [29.91942741597495, -1.2952510267268735], [29.92354941597887, -1.2968340267282201], [29.924492415979785, -1.3009660267321124], [29.9263244159813, -1.301873026732892], [29.9317834159865, -1.298161026729531]], [[29.938509415992712, -1.2983510267297333], [29.935844415990232, -1.2922790267241453], [29.93370441598836, -1.2920580267239075], [29.934011415988607, -1.3004210267315557], [29.935682415990186, -1.301363026732588], [29.938509415992712, -1.2983510267297333]]]}}]}